altitude_km,temperature_k,pressure_pa,pressure_bar,co2_ppm,co2_partial_pressure_pa,co2_number_density_m3
0.000000000000000000e+00,2.881499999999999773e+02,1.013250000000000000e+05,1.013249999999999984e+00,4.200000000000000000e+02,4.255649999999999977e+01,1.069704927176306983e+22
5.000000000000000000e-01,2.848999999999999773e+02,9.546083533653129416e+04,9.546083533653129116e-01,4.200000000000000000e+02,4.009355084134313785e+01,1.019292406553864097e+22
1.000000000000000000e+00,2.816499999999999773e+02,8.987456291621955461e+04,8.987456291621955806e-01,4.200000000000000000e+02,3.774731642481221172e+01,9.707179120345969852e+21
1.500000000000000000e+00,2.783999999999999773e+02,8.455599407375644660e+04,8.455599407375644638e-01,4.200000000000000000e+02,3.551351751097770659e+01,9.239344836669502128e+21
2.000000000000000000e+00,2.751499999999999773e+02,7.949520193405098689e+04,7.949520193405098523e-01,4.200000000000000000e+02,3.338798481230141135e+01,8.788958371269772837e+21
2.500000000000000000e+00,2.718999999999999773e+02,7.468251762408376089e+04,7.468251762408376626e-01,4.200000000000000000e+02,3.136665740211517672e+01,8.355563617147684913e+21
3.000000000000000000e+00,2.686499999999999773e+02,7.010852649606043997e+04,7.010852649606044151e-01,4.200000000000000000e+02,2.944558112834538122e+01,7.938711183333970149e+21
3.500000000000000000e+00,2.653999999999999773e+02,6.576406436196422146e+04,6.576406436196422511e-01,4.200000000000000000e+02,2.762090703202497011e+01,7.537958374500246487e+21
4.000000000000000000e+00,2.621499999999999773e+02,6.164021373960735946e+04,6.164021373960736350e-01,4.200000000000000000e+02,2.588888977063508889e+01,7.152869170387848528e+21
4.500000000000000000e+00,2.588999999999999773e+02,5.772830011028642912e+04,5.772830011028643460e-01,4.200000000000000000e+02,2.424588604632029742e+01,6.783014205050661634e+21
5.000000000000000000e+00,2.556499999999999773e+02,5.401988818814578553e+04,5.401988818814578153e-01,4.200000000000000000e+02,2.268835303902122646e+01,6.427970745907900580e+21
5.500000000000000000e+00,2.523999999999999773e+02,5.050677820135763614e+04,5.050677820135763829e-01,4.200000000000000000e+02,2.121284684457020475e+01,6.087322672602712900e+21
6.000000000000000000e+00,2.491499999999999773e+02,4.718100218522916111e+04,4.718100218522915945e-01,4.200000000000000000e+02,1.981602091779624431e+01,5.760660455662392705e+21
6.500000000000000000e+00,2.458999999999999773e+02,4.403482028734870255e+04,4.403482028734870268e-01,4.200000000000000000e+02,1.849462452068645391e+01,5.447581134955711824e+21
7.000000000000000000e+00,2.426499999999999773e+02,4.106071708488657168e+04,4.106071708488657213e-01,4.200000000000000000e+02,1.724550117565235752e+01,5.147688297942791225e+21
7.500000000000000000e+00,2.393999999999999773e+02,3.825139791416854860e+04,3.825139791416855006e-01,4.200000000000000000e+02,1.606558712395078814e+01,4.860592057712871735e+21
8.000000000000000000e+00,2.361499999999999773e+02,3.559978521264196024e+04,3.559978521264196005e-01,4.200000000000000000e+02,1.495190978930962267e+01,4.585909030804923089e+21
8.500000000000000000e+00,2.328999999999999773e+02,3.309901487335802085e+04,3.309901487335802361e-01,4.200000000000000000e+02,1.390158624681036770e+01,4.323262314806077555e+21
9.000000000000000000e+00,2.296499999999999773e+02,3.074243261209689808e+04,3.074243261209689826e-01,4.200000000000000000e+02,1.291182169708069694e+01,4.072281465722622181e+21
9.500000000000000000e+00,2.263999999999999773e+02,2.852359034726414393e+04,2.852359034726414388e-01,4.200000000000000000e+02,1.197990794585093965e+01,3.832602475117964952e+21
1.000000000000000000e+01,2.231499999999999773e+02,2.643624259269160029e+04,2.643624259269160004e-01,4.200000000000000000e+02,1.110322188893047191e+01,3.603867747011986457e+21
1.050000000000000000e+01,2.198999999999999773e+02,2.447434286347789384e+04,2.447434286347789367e-01,4.200000000000000000e+02,1.027922400266071534e+01,3.385726074535762985e+21
1.100000000000000000e+01,2.166499999999999773e+02,2.263204009500779284e+04,2.263204009500779379e-01,4.200000000000000000e+02,9.505456839903272837e+00,3.177832616335536816e+21
1.150000000000000000e+01,2.166499999999999773e+02,2.091616580481657002e+04,2.091616580481656940e-01,4.200000000000000000e+02,8.784789638022958869e+00,2.936901561865372959e+21
1.200000000000000000e+01,2.166499999999999773e+02,1.933038250807443546e+04,1.933038250807443681e-01,4.200000000000000000e+02,8.118760653391262849e+00,2.714236973888664764e+21
1.250000000000000000e+01,2.166499999999999773e+02,1.786482720568331933e+04,1.786482720568332017e-01,4.200000000000000000e+02,7.503227426386993137e+00,2.508453959125921432e+21
1.300000000000000000e+01,2.166499999999999773e+02,1.651038467322676297e+04,1.651038467322676340e-01,4.200000000000000000e+02,6.934361562755239738e+00,2.318272621583046803e+21
1.350000000000000000e+01,2.166499999999999773e+02,1.525863076756776354e+04,1.525863076756776293e-01,4.200000000000000000e+02,6.408624922378460376e+00,2.142510102060734611e+21
1.400000000000000000e+01,2.166499999999999773e+02,1.410178003172245553e+04,1.410178003172245509e-01,4.200000000000000000e+02,5.922747613323430471e+00,1.980073221197665141e+21
1.450000000000000000e+01,2.166499999999999773e+02,1.303263727213084712e+04,1.303263727213084811e-01,4.200000000000000000e+02,5.473707654294955205e+00,1.829951680289886700e+21
1.500000000000000000e+01,2.166499999999999773e+02,1.204455280715281333e+04,1.204455280715281268e-01,4.200000000000000000e+02,5.058712179004181131e+00,1.691211777597938860e+21
1.550000000000000000e+01,2.166499999999999773e+02,1.113138110845107985e+04,1.113138110845107998e-01,4.200000000000000000e+02,4.675180065549453090e+00,1.562990601059417194e+21
1.600000000000000000e+01,2.166499999999999773e+02,1.028744257802559514e+04,1.028744257802559486e-01,4.200000000000000000e+02,4.320725882770749315e+00,1.444490661287749747e+21
1.650000000000000000e+01,2.166499999999999773e+02,9.507488223166250464e+03,9.507488223166250807e-02,4.200000000000000000e+02,3.993145053729824756e+00,1.334974931476379599e+21
1.700000000000000000e+01,2.166499999999999773e+02,8.786667009614880953e+03,8.786667009614880508e-02,4.200000000000000000e+02,3.690400144038249675e+00,1.233762263358343741e+21
1.750000000000000000e+01,2.166499999999999773e+02,8.120495689885059619e+03,8.120495689885059987e-02,4.200000000000000000e+02,3.410608189751724861e+00,1.140223150710179103e+21
1.800000000000000000e+01,2.166499999999999773e+02,7.504830919082714900e+03,7.504830919082715324e-02,4.200000000000000000e+02,3.152028986014740131e+00,1.053775814050679489e+21
1.850000000000000000e+01,2.166499999999999773e+02,6.935843484798047029e+03,6.935843484798047409e-02,4.200000000000000000e+02,2.913054263615179718e+00,9.738825821827431137e+20
1.900000000000000000e+01,2.166499999999999773e+02,6.409994490787985342e+03,6.409994490787984667e-02,4.200000000000000000e+02,2.692197686130953560e+00,9.000465480728083169e+20
1.950000000000000000e+01,2.166499999999999773e+02,5.924013346320296478e+03,5.924013346320296247e-02,4.200000000000000000e+02,2.488085605454524174e+00,8.318084782686569759e+20
2.000000000000000000e+01,2.166499999999999773e+02,5.474877424281044114e+03,5.474877424281043847e-02,4.200000000000000000e+02,2.299448518198038194e+00,7.687439566332829368e+20
2.050000000000000000e+01,2.171499999999999773e+02,5.060252921144153333e+03,5.060252921144153121e-02,4.200000000000000000e+02,2.125306226880544269e+00,7.088892626687465882e+20
2.100000000000000000e+01,2.176499999999999773e+02,4.677876050359336659e+03,4.677876050359336402e-02,4.200000000000000000e+02,1.964707941150921178e+00,6.538167558183145964e+20
2.150000000000000000e+01,2.181499999999999773e+02,4.325173136422919015e+03,4.325173136422919007e-02,4.200000000000000000e+02,1.816572717297625816e+00,6.031346610877481615e+20
2.200000000000000000e+01,2.186499999999999773e+02,3.999781120515087878e+03,3.999781120515087662e-02,4.200000000000000000e+02,1.679908070616336735e+00,5.564840898756750868e+20
2.250000000000000000e+01,2.191499999999999773e+02,3.699529900026017913e+03,3.699529900026017615e-02,4.200000000000000000e+02,1.553802558010927370e+00,5.135362133433974129e+20
2.300000000000000000e+01,2.196499999999999773e+02,3.422426184386305977e+03,3.422426184386306164e-02,4.200000000000000000e+02,1.437418997442248436e+00,4.739896843919812198e+20
2.350000000000000000e+01,2.201499999999999773e+02,3.166638733983276325e+03,3.166638733983276333e-02,4.200000000000000000e+02,1.329988268272976004e+00,4.375682858859939758e+20
2.400000000000000000e+01,2.206499999999999773e+02,2.930484860914692490e+03,2.930484860914692527e-02,4.200000000000000000e+02,1.230803641584170771e+00,4.040187848188858204e+20
2.450000000000000000e+01,2.211499999999999773e+02,2.712418081200561119e+03,2.712418081200560979e-02,4.200000000000000000e+02,1.139215594104235674e+00,3.731089739773855007e+20
2.500000000000000000e+01,2.216499999999999773e+02,2.511016817948616335e+03,2.511016817948616420e-02,4.200000000000000000e+02,1.054627063538418730e+00,3.446258843503959736e+20
2.550000000000000000e+01,2.221499999999999773e+02,2.324974063939738699e+03,2.324974063939738711e-02,4.200000000000000000e+02,9.764891068546901476e-01,3.183741530579642614e+20
2.600000000000000000e+01,2.226499999999999773e+02,2.153087920253197808e+03,2.153087920253197660e-02,4.200000000000000000e+02,9.042969265063429685e-01,2.941745329634386248e+20
2.650000000000000000e+01,2.231499999999999773e+02,1.994252934961622486e+03,1.994252934961622536e-02,4.200000000000000000e+02,8.375862326838813265e-01,2.718625313901100073e+20
2.700000000000000000e+01,2.236499999999999773e+02,1.847452172663202873e+03,1.847452172663202954e-02,4.200000000000000000e+02,7.759299125185451507e-01,2.512871665050416906e+20
2.750000000000000000e+01,2.241499999999999773e+02,1.711749951745787257e+03,1.711749951745787299e-02,4.200000000000000000e+02,7.189349797332306169e-01,2.323098309684384236e+20
2.800000000000000000e+01,2.246499999999999773e+02,1.586285191849699004e+03,1.586285191849699100e-02,4.200000000000000000e+02,6.662397805768734971e-01,2.148032533866548429e+20
2.850000000000000000e+01,2.251499999999999773e+02,1.470265319065781114e+03,1.470265319065781028e-02,4.200000000000000000e+02,6.175114340076279795e-01,1.986505489600169247e+20
2.900000000000000000e+01,2.256499999999999773e+02,1.362960681018594187e+03,1.362960681018594161e-02,4.200000000000000000e+02,5.724434860278094783e-01,1.837443514911825592e+20
2.950000000000000000e+01,2.261499999999999773e+02,1.263699428182677138e+03,1.263699428182677061e-02,4.200000000000000000e+02,5.307537598367243481e-01,1.699860196230257705e+20
3.000000000000000000e+01,2.266499999999999773e+02,1.171862821602090662e+03,1.171862821602090605e-02,4.200000000000000000e+02,4.921823850728780370e-01,1.572849108139008328e+20
3.050000000000000000e+01,2.271499999999999773e+02,1.086880930663064419e+03,1.086880930663064460e-02,4.200000000000000000e+02,4.564899908784870175e-01,1.455577171384641782e+20
3.100000000000000000e+01,2.276499999999999773e+02,1.008228687739076918e+03,1.008228687739076875e-02,4.200000000000000000e+02,4.234560488504122699e-01,1.347278575296418284e+20
3.150000000000000000e+01,2.281499999999999773e+02,9.354222694141485590e+02,9.354222694141486188e-03,4.200000000000000000e+02,3.928773531539423436e-01,1.247249215565990789e+20
3.200000000000000000e+01,2.286499999999999773e+02,8.680157766202149787e+02,8.680157766202149447e-03,4.200000000000000000e+02,3.645666261804902386e-01,1.154841602692953539e+20
3.250000000000000000e+01,2.300499999999999829e+02,8.057159893289334605e+02,8.057159893289334365e-03,4.200000000000000000e+02,3.384007155181520399e-01,1.065432038732791972e+20
3.300000000000000000e+01,2.314499999999999886e+02,7.482256521919441639e+02,7.482256521919441322e-03,4.200000000000000000e+02,3.142547739206165147e-01,9.834253886506011853e+19
3.350000000000000000e+01,2.328499999999999659e+02,6.951476924839971616e+02,6.951476924839971802e-03,4.200000000000000000e+02,2.919620308432787636e-01,9.081693713553815962e+19
3.400000000000000000e+01,2.342499999999999716e+02,6.461199247147235383e+02,6.461199247147235772e-03,4.200000000000000000e+02,2.713703683801838573e-01,8.390726049539226010e+19
3.450000000000000000e+01,2.356499999999999773e+02,6.008118026279034893e+02,6.008118026279035163e-03,4.200000000000000000e+02,2.523409571037194543e-01,7.755986048340905165e+19
3.500000000000000000e+01,2.370499999999999829e+02,5.589214904100604144e+02,5.589214904100603745e-03,4.200000000000000000e+02,2.347470259722253538e-01,7.172604040687136768e+19
3.550000000000000000e+01,2.384499999999999886e+02,5.201732201026799203e+02,5.201732201026799084e-03,4.200000000000000000e+02,2.184727524431255563e-01,6.636157284561320346e+19
3.600000000000000000e+01,2.398499999999999659e+02,4.843149057921542067e+02,4.843149057921542280e-03,4.200000000000000000e+02,2.034122604327047446e-01,6.142626662143482266e+19
3.650000000000000000e+01,2.412499999999999716e+02,4.511159883251144151e+02,4.511159883251143927e-03,4.200000000000000000e+02,1.894687150965480293e-01,5.688357791321305907e+19
3.700000000000000000e+01,2.426499999999999773e+02,4.203654871124193733e+02,4.203654871124193858e-03,4.200000000000000000e+02,1.765535045872161091e-01,5.270026079656810906e+19
3.750000000000000000e+01,2.440499999999999829e+02,3.918702380846311257e+02,3.918702380846311555e-03,4.200000000000000000e+02,1.645854999955450593e-01,4.884605301517809254e+19
3.800000000000000000e+01,2.454499999999999886e+02,3.654532990825207435e+02,3.654532990825207304e-03,4.200000000000000000e+02,1.534903856146586920e-01,4.529339325738728653e+19
3.850000000000000000e+01,2.468499999999999659e+02,3.409525059404160174e+02,3.409525059404160032e-03,4.200000000000000000e+02,1.432000524949747222e-01,4.201716662412278170e+19
3.900000000000000000e+01,2.482499999999999716e+02,3.182191642765663460e+02,3.182191642765663624e-03,4.200000000000000000e+02,1.336520489961578462e-01,3.899447533887186534e+19
3.950000000000000000e+01,2.496499999999999773e+02,2.971168635682694799e+02,2.971168635682695010e-03,4.200000000000000000e+02,1.247890826986731705e-01,3.620443207330891776e+19
4.000000000000000000e+01,2.510499999999999829e+02,2.775204014823779630e+02,2.775204014823779656e-03,4.200000000000000000e+02,1.165585686225987377e-01,3.362797354810988134e+19
4.050000000000000000e+01,2.524499999999999886e+02,2.593148076734341885e+02,2.593148076734341952e-03,4.200000000000000000e+02,1.089122192228423464e-01,3.124769232194586214e+19
4.100000000000000000e+01,2.538499999999999659e+02,2.423944573692023710e+02,2.423944573692023499e-03,4.200000000000000000e+02,1.018056720950649835e-01,2.904768490644804813e+19
4.150000000000000000e+01,2.552499999999999716e+02,2.266622660518782197e+02,2.266622660518782285e-03,4.200000000000000000e+02,9.519815174178884731e-02,2.701341454445724058e+19
4.200000000000000000e+01,2.566499999999999773e+02,2.120289574261803125e+02,2.120289574261803069e-03,4.200000000000000000e+02,8.905216211899572021e-02,2.513158716608194560e+19
4.250000000000000000e+01,2.580499999999999545e+02,1.984123976545427297e+02,1.984123976545427385e-03,4.200000000000000000e+02,8.333320701490794236e-02,2.339003919457583514e+19
4.300000000000000000e+01,2.594499999999999886e+02,1.857369895452288233e+02,1.857369895452288264e-03,4.200000000000000000e+02,7.800953560899609451e-02,2.177763601410387558e+19
4.350000000000000000e+01,2.608499999999999659e+02,1.739331210105760874e+02,1.739331210105760908e-03,4.200000000000000000e+02,7.305191082444195683e-02,2.028418003610544947e+19
4.400000000000000000e+01,2.622500000000000000e+02,1.629366626778500518e+02,1.629366626778500559e-03,4.200000000000000000e+02,6.843339832469701178e-02,1.890032741194265395e+19
4.450000000000000000e+01,2.636499999999999773e+02,1.526885100416591285e+02,1.526885100416591236e-03,4.200000000000000000e+02,6.412917421749682323e-02,1.761751253841520640e+19
4.500000000000000000e+01,2.650499999999999545e+02,1.431341660008311578e+02,1.431341660008311496e-03,4.200000000000000000e+02,6.011634972034907848e-02,1.642787959088598835e+19
4.550000000000000000e+01,2.664499999999999886e+02,1.342233600298895908e+02,1.342233600298895846e-03,4.200000000000000000e+02,5.637381121255362337e-02,1.532422039742265139e+19
4.600000000000000000e+01,2.678499999999999659e+02,1.259097006006893054e+02,1.259097006006893154e-03,4.200000000000000000e+02,5.288207425228950292e-02,1.429991803757202432e+19
4.650000000000000000e+01,2.692500000000000000e+02,1.181503577979520401e+02,1.181503577979520344e-03,4.200000000000000000e+02,4.962315027513985316e-02,1.334889561210236723e+19
4.700000000000000000e+01,2.706499999999999773e+02,1.109057733673100898e+02,1.109057733673100886e-03,4.200000000000000000e+02,4.658042481427023679e-02,1.246556968610284954e+19
4.750000000000000000e+01,2.706499999999999773e+02,1.041224563764271096e+02,1.041224563764271043e-03,4.200000000000000000e+02,4.373143167809938336e-02,1.170313948895946957e+19
4.800000000000000000e+01,2.706499999999999773e+02,9.775402661820794492e+01,9.775402661820794658e-04,4.200000000000000000e+02,4.105669117964733106e-02,1.098734172179352986e+19
4.850000000000000000e+01,2.706499999999999773e+02,9.177510839282035704e+01,9.177510839282035414e-04,4.200000000000000000e+02,3.854554552498454939e-02,1.031532421068308070e+19
4.900000000000000000e+01,2.706499999999999773e+02,8.616187805142641309e+01,8.616187805142640904e-04,4.200000000000000000e+02,3.618798878159908833e-02,9.684409228889917440e+18
4.950000000000000000e+01,2.706499999999999773e+02,8.089196906826701650e+01,8.089196906826701941e-04,4.200000000000000000e+02,3.397462700867214663e-02,9.092082827166669824e+18
5.000000000000000000e+01,2.706499999999999773e+02,7.594438291881151315e+01,7.594438291881151423e-04,4.200000000000000000e+02,3.189664082590083077e-02,8.535984816653056000e+18
