altitude_km,temperature_k,pression_pa,pression_bar,co2_ppm,pression_partielle_co2_pa,concentration_co2_molecules_m3
0.000000000000000000e+00,2.881499999999999773e+02,1.013250000000000000e+05,1.013249999999999984e+00,4.200000000000000000e+02,4.255649999999999977e+01,1.069704927176306983e+22
1.000000000000000056e-01,2.875000000000000000e+02,1.001294377388044086e+05,1.001294377388044055e+00,4.200000000000000000e+02,4.205436385029784674e+01,1.059473104133990803e+22
2.000000000000000111e-01,2.868499999999999659e+02,9.894532398666067456e+04,9.894532398666067152e-01,4.200000000000000000e+02,4.155703607439748026e+01,1.049316322192324664e+22
2.999999999999999889e-01,2.861999999999999886e+02,9.777257468459181837e+04,9.777257468459181755e-01,4.200000000000000000e+02,4.106448136752855760e+01,1.039234199166596940e+22
4.000000000000000222e-01,2.855499999999999545e+02,9.661110620221658610e+04,9.661110620221659007e-01,4.200000000000000000e+02,4.057666460493096139e+01,1.029226353958170552e+22
5.000000000000000000e-01,2.848999999999999773e+02,9.546083533653129416e+04,9.546083533653129116e-01,4.200000000000000000e+02,4.009355084134313785e+01,1.019292406553864097e+22
5.999999999999999778e-01,2.842500000000000000e+02,9.432167931069040787e+04,9.432167931069040945e-01,4.200000000000000000e+02,3.961510531048996597e+01,1.009431978025313056e+22
6.999999999999999556e-01,2.835999999999999659e+02,9.319355577278873534e+04,9.319355577278873870e-01,4.200000000000000000e+02,3.914129342457126626e+01,9.996446905283389686e+21
8.000000000000000444e-01,2.829499999999999886e+02,9.207638279464461084e+04,9.207638279464460673e-01,4.200000000000000000e+02,3.867208077375073572e+01,9.899301673023177753e+21
9.000000000000000222e-01,2.822999999999999545e+02,9.097007887058288907e+04,9.097007887058289333e-01,4.200000000000000000e+02,3.820743312564481187e+01,9.802880326695443759e+21
1.000000000000000000e+00,2.816499999999999773e+02,8.987456291621955461e+04,8.987456291621955806e-01,4.200000000000000000e+02,3.774731642481221172e+01,9.707179120345969852e+21
1.100000000000000089e+00,2.810000000000000000e+02,8.878975426724614226e+04,8.878975426724614595e-01,4.200000000000000000e+02,3.729169679224337841e+01,9.612194318836983398e+21
1.199999999999999956e+00,2.803499999999999659e+02,8.771557267821583082e+04,8.771557267821583626e-01,4.200000000000000000e+02,3.684054052485064545e+01,9.517922197840808903e+21
1.300000000000000044e+00,2.796999999999999886e+02,8.665193832132981333e+04,8.665193832132981333e-01,4.200000000000000000e+02,3.639381409495852182e+01,9.424359043833487426e+21
1.399999999999999911e+00,2.790499999999999545e+02,8.559877178522376926e+04,8.559877178522377061e-01,4.200000000000000000e+02,3.595148414979397700e+01,9.331501154088310014e+21
1.500000000000000000e+00,2.783999999999999773e+02,8.455599407375644660e+04,8.455599407375644638e-01,4.200000000000000000e+02,3.551351751097770659e+01,9.239344836669502128e+21
1.600000000000000089e+00,2.777500000000000000e+02,8.352352660479760380e+04,8.352352660479760438e-01,4.200000000000000000e+02,3.507988117401499295e+01,9.147886410425721422e+21
1.699999999999999956e+00,2.770999999999999659e+02,8.250129120901727583e+04,8.250129120901728008e-01,4.200000000000000000e+02,3.465054230778725497e+01,9.057122204983650943e+21
1.800000000000000044e+00,2.764499999999999886e+02,8.148921012867633544e+04,8.148921012867633706e-01,4.200000000000000000e+02,3.422546825404405979e+01,8.967048560741596529e+21
1.899999999999999911e+00,2.757999999999999545e+02,8.048720601641615212e+04,8.048720601641615735e-01,4.200000000000000000e+02,3.380462652689477920e+01,8.877661828862939496e+21
2.000000000000000000e+00,2.751499999999999773e+02,7.949520193405098689e+04,7.949520193405098523e-01,4.200000000000000000e+02,3.338798481230141135e+01,8.788958371269772837e+21
2.100000000000000089e+00,2.745000000000000000e+02,7.851312135135947028e+04,7.851312135135947168e-01,4.200000000000000000e+02,3.297551096757097611e+01,8.700934560636342370e+21
2.200000000000000178e+00,2.738499999999999659e+02,7.754088814487760828e+04,7.754088814487760661e-01,4.200000000000000000e+02,3.256717302084859256e+01,8.613586780382586470e+21
2.299999999999999822e+00,2.731999999999999886e+02,7.657842659669266141e+04,7.657842659669266139e-01,4.200000000000000000e+02,3.216293917061091179e+01,8.526911424667652719e+21
2.399999999999999911e+00,2.725499999999999545e+02,7.562566139323703828e+04,7.562566139323704251e-01,4.200000000000000000e+02,3.176277778515955319e+01,8.440904898383358984e+21
2.500000000000000000e+00,2.718999999999999773e+02,7.468251762408376089e+04,7.468251762408376626e-01,4.200000000000000000e+02,3.136665740211517672e+01,8.355563617147684913e+21
2.600000000000000089e+00,2.712500000000000000e+02,7.374892078074176970e+04,7.374892078074176682e-01,4.200000000000000000e+02,3.097454672791154096e+01,8.270884007298215182e+21
2.700000000000000178e+00,2.705999999999999659e+02,7.282479675545282953e+04,7.282479675545282527e-01,4.200000000000000000e+02,3.058641463729018639e+01,8.186862505885613162e+21
2.799999999999999822e+00,2.699499999999999886e+02,7.191007183998879918e+04,7.191007183998879837e-01,4.200000000000000000e+02,3.020223017279529287e+01,8.103495560667071513e+21
2.899999999999999911e+00,2.692999999999999545e+02,7.100467272444917762e+04,7.100467272444918043e-01,4.200000000000000000e+02,2.982196254426865067e+01,8.020779630099691471e+21
3.000000000000000000e+00,2.686499999999999773e+02,7.010852649606043997e+04,7.010852649606044151e-01,4.200000000000000000e+02,2.944558112834538122e+01,7.938711183333970149e+21
3.100000000000000089e+00,2.680000000000000000e+02,6.922156063797506795e+04,6.922156063797506587e-01,4.200000000000000000e+02,2.907305546794952633e+01,7.857286700207148368e+21
3.200000000000000178e+00,2.673499999999999659e+02,6.834370302807178814e+04,6.834370302807178943e-01,4.200000000000000000e+02,2.870435527179014912e+01,7.776502671236623499e+21
3.299999999999999822e+00,2.666999999999999886e+02,6.747488193775690161e+04,6.747488193775690313e-01,4.200000000000000000e+02,2.833945041385789665e+01,7.696355597613349732e+21
3.399999999999999911e+00,2.660499999999999545e+02,6.661502603076545347e+04,6.661502603076545626e-01,4.200000000000000000e+02,2.797831093292148807e+01,7.616841991195178566e+21
3.500000000000000000e+00,2.653999999999999773e+02,6.576406436196422146e+04,6.576406436196422511e-01,4.200000000000000000e+02,2.762090703202497011e+01,7.537958374500246487e+21
3.600000000000000089e+00,2.647500000000000000e+02,6.492192637615430431e+04,6.492192637615430417e-01,4.200000000000000000e+02,2.726720907798480553e+01,7.459701280700282962e+21
3.700000000000000178e+00,2.640999999999999659e+02,6.408854190687555820e+04,6.408854190687556240e-01,4.200000000000000000e+02,2.691718760088773266e+01,7.382067253613978190e+21
3.799999999999999822e+00,2.634499999999999886e+02,6.326384117521120061e+04,6.326384117521119954e-01,4.200000000000000000e+02,2.657081329358870292e+01,7.305052847700305773e+21
3.899999999999999911e+00,2.627999999999999545e+02,6.244775478859282885e+04,6.244775478859282414e-01,4.200000000000000000e+02,2.622805701120898547e+01,7.228654628051781419e+21
4.000000000000000000e+00,2.621499999999999773e+02,6.164021373960735946e+04,6.164021373960736350e-01,4.200000000000000000e+02,2.588888977063508889e+01,7.152869170387848528e+21
4.099999999999999645e+00,2.615000000000000000e+02,6.084114940480320365e+04,6.084114940480320755e-01,4.200000000000000000e+02,2.555328275001734184e+01,7.077693061048071881e+21
4.200000000000000178e+00,2.608499999999999659e+02,6.005049354349830537e+04,6.005049354349830670e-01,4.200000000000000000e+02,2.522120728826928726e+01,7.003122896985456116e+21
4.299999999999999822e+00,2.601999999999999886e+02,5.926817829658893606e+04,5.926817829658893588e-01,4.200000000000000000e+02,2.489263488456735018e+01,6.929155285759726453e+21
4.400000000000000355e+00,2.595499999999999545e+02,5.849413618535813293e+04,5.849413618535813653e-01,4.200000000000000000e+02,2.456753719785041312e+01,6.855786845530517144e+21
4.500000000000000000e+00,2.588999999999999773e+02,5.772830011028642912e+04,5.772830011028643460e-01,4.200000000000000000e+02,2.424588604632029742e+01,6.783014205050661634e+21
4.599999999999999645e+00,2.582500000000000000e+02,5.697060334986211819e+04,5.697060334986211450e-01,4.200000000000000000e+02,2.392765340694208831e+01,6.710834003659387306e+21
4.700000000000000178e+00,2.575999999999999659e+02,5.622097955939279200e+04,5.622097955939279190e-01,4.200000000000000000e+02,2.361281141494497149e+01,6.639242891275516510e+21
4.799999999999999822e+00,2.569499999999999886e+02,5.547936276981788251e+04,5.547936276981788595e-01,4.200000000000000000e+02,2.330133236332351032e+01,6.568237528390698009e+21
4.900000000000000355e+00,2.562999999999999545e+02,5.474568738652137108e+04,5.474568738652136890e-01,4.200000000000000000e+02,2.299318870233897272e+01,6.497814586062558724e+21
5.000000000000000000e+00,2.556499999999999773e+02,5.401988818814578553e+04,5.401988818814578153e-01,4.200000000000000000e+02,2.268835303902122646e+01,6.427970745907900580e+21
5.099999999999999645e+00,2.549999999999999716e+02,5.330190032540648826e+04,5.330190032540649270e-01,4.200000000000000000e+02,2.238679813667072338e+01,6.358702700095822889e+21
5.200000000000000178e+00,2.543499999999999659e+02,5.259165931990740501e+04,5.259165931990740228e-01,4.200000000000000000e+02,2.208849691436110874e+01,6.290007151340919194e+21
5.299999999999999822e+00,2.536999999999999886e+02,5.188910106295675359e+04,5.188910106295675506e-01,4.200000000000000000e+02,2.179342244644183424e+01,6.221880812896366100e+21
5.400000000000000355e+00,2.530499999999999829e+02,5.119416181438398053e+04,5.119416181438397606e-01,4.200000000000000000e+02,2.150154796204126839e+01,6.154320408547051962e+21
5.500000000000000000e+00,2.523999999999999773e+02,5.050677820135763614e+04,5.050677820135763829e-01,4.200000000000000000e+02,2.121284684457020475e+01,6.087322672602712900e+21
5.599999999999999645e+00,2.517499999999999716e+02,4.982688721720351896e+04,4.982688721720351932e-01,4.200000000000000000e+02,2.092729263122547678e+01,6.020884349890988081e+21
5.700000000000000178e+00,2.510999999999999659e+02,4.915442622022394789e+04,4.915442622022394570e-01,4.200000000000000000e+02,2.064485901249405586e+01,5.955002195750517998e+21
5.799999999999999822e+00,2.504499999999999886e+02,4.848933293251786381e+04,4.848933293251786458e-01,4.200000000000000000e+02,2.036551983165750102e+01,5.889672976024018616e+21
5.900000000000000355e+00,2.497999999999999829e+02,4.783154543880130950e+04,4.783154543880130949e-01,4.200000000000000000e+02,2.008924908429654721e+01,5.824893467051315692e+21
6.000000000000000000e+00,2.491499999999999773e+02,4.718100218522916111e+04,4.718100218522915945e-01,4.200000000000000000e+02,1.981602091779624431e+01,5.760660455662392705e+21
6.099999999999999645e+00,2.484999999999999716e+02,4.653764197821748530e+04,4.653764197821748660e-01,4.200000000000000000e+02,1.954580963085134115e+01,5.696970739170437759e+21
6.200000000000000178e+00,2.478499999999999659e+02,4.590140398326643481e+04,4.590140398326643667e-01,4.200000000000000000e+02,1.927858967297190063e+01,5.633821125364824408e+21
6.299999999999999822e+00,2.471999999999999886e+02,4.527222772378426453e+04,4.527222772378426408e-01,4.200000000000000000e+02,1.901433564398939069e+01,5.571208432504130241e+21
6.400000000000000355e+00,2.465499999999999829e+02,4.465005307991195150e+04,4.465005307991194994e-01,4.200000000000000000e+02,1.875302229356301709e+01,5.509129489309116662e+21
6.500000000000000000e+00,2.458999999999999773e+02,4.403482028734870255e+04,4.403482028734870268e-01,4.200000000000000000e+02,1.849462452068645391e+01,5.447581134955711824e+21
6.599999999999999645e+00,2.452499999999999716e+02,4.342646993617808039e+04,4.342646993617808038e-01,4.200000000000000000e+02,1.823911737319479087e+01,5.386560219067945320e+21
6.700000000000000178e+00,2.445999999999999659e+02,4.282494296969526476e+04,4.282494296969526215e-01,4.200000000000000000e+02,1.798647604727200999e+01,5.326063601710933213e+21
6.799999999999999822e+00,2.439499999999999886e+02,4.223018068323465559e+04,4.223018068323465823e-01,4.200000000000000000e+02,1.773667588695855457e+01,5.266088153383767638e+21
6.900000000000000355e+00,2.432999999999999829e+02,4.164212472299850197e+04,4.164212472299850254e-01,4.200000000000000000e+02,1.748969238365937073e+01,5.206630755012445209e+21
7.000000000000000000e+00,2.426499999999999773e+02,4.106071708488657168e+04,4.106071708488657213e-01,4.200000000000000000e+02,1.724550117565235752e+01,5.147688297942791225e+21
7.099999999999999645e+00,2.419999999999999716e+02,4.048590011332610447e+04,4.048590011332610650e-01,4.200000000000000000e+02,1.700407804759696262e+01,5.089257683933325165e+21
7.200000000000000178e+00,2.413499999999999659e+02,3.991761650010295125e+04,3.991761650010295370e-01,4.200000000000000000e+02,1.676539893004323645e+01,5.031335825148141896e+21
7.299999999999999822e+00,2.406999999999999886e+02,3.935580928319337545e+04,3.935580928319337701e-01,4.200000000000000000e+02,1.652943989894121657e+01,4.973919644149776122e+21
7.400000000000000355e+00,2.400499999999999829e+02,3.880042184559666202e+04,3.880042184559666096e-01,4.200000000000000000e+02,1.629617717515059638e+01,4.917006073892042703e+21
7.500000000000000000e+00,2.393999999999999773e+02,3.825139791416854860e+04,3.825139791416855006e-01,4.200000000000000000e+02,1.606558712395078814e+01,4.860592057712871735e+21
7.599999999999999645e+00,2.387499999999999716e+02,3.770868155845552246e+04,3.770868155845552017e-01,4.200000000000000000e+02,1.583764625455131814e+01,4.804674549327132099e+21
7.700000000000000178e+00,2.380999999999999659e+02,3.717221718952973606e+04,3.717221718952973819e-01,4.200000000000000000e+02,1.561233121960248837e+01,4.749250512819420398e+21
7.799999999999999822e+00,2.374499999999999886e+02,3.664194955882493377e+04,3.664194955882493221e-01,4.200000000000000000e+02,1.538961881470647164e+01,4.694316922636858294e+21
7.900000000000000355e+00,2.367999999999999829e+02,3.611782375697311363e+04,3.611782375697311087e-01,4.200000000000000000e+02,1.516948597792870679e+01,4.639870763581867819e+21
8.000000000000000000e+00,2.361499999999999773e+02,3.559978521264196024e+04,3.559978521264196005e-01,4.200000000000000000e+02,1.495190978930962267e+01,4.585909030804923089e+21
8.099999999999999645e+00,2.354999999999999716e+02,3.508777969137317996e+04,3.508777969137317765e-01,4.200000000000000000e+02,1.473686747037673506e+01,4.532428729797303599e+21
8.199999999999999289e+00,2.348499999999999659e+02,3.458175329442153452e+04,3.458175329442153556e-01,4.200000000000000000e+02,1.452433638365704383e+01,4.479426876383813435e+21
8.300000000000000711e+00,2.341999999999999886e+02,3.408165245759490062e+04,3.408165245759490203e-01,4.200000000000000000e+02,1.431429403218985641e+01,4.426900496715513070e+21
8.400000000000000355e+00,2.335499999999999829e+02,3.358742395009477332e+04,3.358742395009477466e-01,4.200000000000000000e+02,1.410671805903980314e+01,4.374846627262392959e+21
8.500000000000000000e+00,2.328999999999999773e+02,3.309901487335802085e+04,3.309901487335802361e-01,4.200000000000000000e+02,1.390158624681036770e+01,4.323262314806077555e+21
8.599999999999999645e+00,2.322499999999999716e+02,3.261637265989924708e+04,3.261637265989924539e-01,4.200000000000000000e+02,1.369887651715768229e+01,4.272144616432496280e+21
8.699999999999999289e+00,2.315999999999999659e+02,3.213944507215389604e+04,3.213944507215389379e-01,4.200000000000000000e+02,1.349856693030463539e+01,4.221490599524524098e+21
8.800000000000000711e+00,2.309499999999999886e+02,3.166818020132236416e+04,3.166818020132236566e-01,4.200000000000000000e+02,1.330063568455539169e+01,4.171297341754628375e+21
8.900000000000000355e+00,2.302999999999999829e+02,3.120252646621481108e+04,3.120252646621481385e-01,4.200000000000000000e+02,1.310506111581021926e+01,4.121561931077491622e+21
9.000000000000000000e+00,2.296499999999999773e+02,3.074243261209689808e+04,3.074243261209689826e-01,4.200000000000000000e+02,1.291182169708069694e+01,4.072281465722622181e+21
9.099999999999999645e+00,2.289999999999999716e+02,3.028784770953623956e+04,3.028784770953624195e-01,4.200000000000000000e+02,1.272089603800522006e+01,4.023453054186936599e+21
9.199999999999999289e+00,2.283499999999999659e+02,2.983872115324986953e+04,2.983872115324986973e-01,4.200000000000000000e+02,1.253226288436494329e+01,3.975073815227357200e+21
9.300000000000000711e+00,2.276999999999999886e+02,2.939500266095230472e+04,2.939500266095230741e-01,4.200000000000000000e+02,1.234590111759996667e+01,3.927140877853353574e+21
9.400000000000000355e+00,2.270499999999999829e+02,2.895664227220454995e+04,2.895664227220455245e-01,4.200000000000000000e+02,1.216178975432590903e+01,3.879651381319486669e+21
9.500000000000000000e+00,2.263999999999999773e+02,2.852359034726414393e+04,2.852359034726414388e-01,4.200000000000000000e+02,1.197990794585093965e+01,3.832602475117964952e+21
9.599999999999999645e+00,2.257499999999999716e+02,2.809579756593565617e+04,2.809579756593565403e-01,4.200000000000000000e+02,1.180023497769297514e+01,3.785991318971127693e+21
9.699999999999999289e+00,2.250999999999999659e+02,2.767321492642231533e+04,2.767321492642231262e-01,4.200000000000000000e+02,1.162275026909737186e+01,3.739815082823959183e+21
9.800000000000000711e+00,2.244499999999999886e+02,2.725579374417847066e+04,2.725579374417846923e-01,4.200000000000000000e+02,1.144743337255495597e+01,3.694070946836576731e+21
9.900000000000000355e+00,2.237999999999999829e+02,2.684348565076259911e+04,2.684348565076259963e-01,4.200000000000000000e+02,1.127426397332029140e+01,3.648756101376673579e+21
1.000000000000000000e+01,2.231499999999999773e+02,2.643624259269160029e+04,2.643624259269160004e-01,4.200000000000000000e+02,1.110322188893047191e+01,3.603867747011986457e+21
1.009999999999999964e+01,2.225000000000000000e+02,2.603401683029570995e+04,2.603401683029570868e-01,4.200000000000000000e+02,1.093428706872419731e+01,3.559403094502737969e+21
1.019999999999999929e+01,2.218499999999999659e+02,2.563676093657406091e+04,2.563676093657406008e-01,4.200000000000000000e+02,1.076743959336110379e+01,3.515359364794020790e+21
1.030000000000000071e+01,2.211999999999999886e+02,2.524442779605159740e+04,2.524442779605159948e-01,4.200000000000000000e+02,1.060265967434166967e+01,3.471733789008234283e+21
1.040000000000000036e+01,2.205499999999999829e+02,2.485697060363635683e+04,2.485697060363635802e-01,4.200000000000000000e+02,1.043992765352726870e+01,3.428523608437444575e+21
1.050000000000000000e+01,2.198999999999999773e+02,2.447434286347789384e+04,2.447434286347789367e-01,4.200000000000000000e+02,1.027922400266071534e+01,3.385726074535762985e+21
1.059999999999999964e+01,2.192500000000000000e+02,2.409649838782646111e+04,2.409649838782646214e-01,4.200000000000000000e+02,1.012052932288711204e+01,3.343338448911690367e+21
1.069999999999999929e+01,2.185999999999999659e+02,2.372339129589303775e+04,2.372339129589303708e-01,4.200000000000000000e+02,9.963824344275074907e+00,3.301358003320456217e+21
1.080000000000000071e+01,2.179499999999999886e+02,2.335497601271036910e+04,2.335497601271036838e-01,4.200000000000000000e+02,9.809089925338353666e+00,3.259782019656339423e+21
1.090000000000000036e+01,2.172999999999999829e+02,2.299120726799452314e+04,2.299120726799452341e-01,4.200000000000000000e+02,9.656307052557698611e+00,3.218607789944949703e+21
1.100000000000000000e+01,2.166499999999999773e+02,2.263204009500779284e+04,2.263204009500779379e-01,4.200000000000000000e+02,9.505456839903272837e+00,3.177832616335536816e+21
1.109999999999999964e+01,2.166499999999999773e+02,2.227795786687971122e+04,2.227795786687971069e-01,4.200000000000000000e+02,9.356742304089477713e+00,3.128114868899308634e+21
1.119999999999999929e+01,2.166499999999999773e+02,2.192941531717875841e+04,2.192941531717875758e-01,4.200000000000000000e+02,9.210354433215076853e+00,3.079174964322842444e+21
1.130000000000000071e+01,2.166499999999999773e+02,2.158632577666643556e+04,2.158632577666643459e-01,4.200000000000000000e+02,9.066256826199902363e+00,3.031000733118465835e+21
1.140000000000000036e+01,2.166499999999999773e+02,2.124860393205965374e+04,2.124860393205965370e-01,4.200000000000000000e+02,8.924413651465053832e+00,2.983580196192271204e+21
1.150000000000000000e+01,2.166499999999999773e+02,2.091616580481657002e+04,2.091616580481656940e-01,4.200000000000000000e+02,8.784789638022958869e+00,2.936901561865372959e+21
1.159999999999999964e+01,2.166499999999999773e+02,2.058892873025432345e+04,2.058892873025432446e-01,4.200000000000000000e+02,8.647350066706815497e+00,2.890953222941763437e+21
1.169999999999999929e+01,2.166499999999999773e+02,2.026681133699348720e+04,2.026681133699348714e-01,4.200000000000000000e+02,8.512060761537263431e+00,2.845723753822050320e+21
1.180000000000000071e+01,2.166499999999999773e+02,1.994973352672409601e+04,1.994973352672409495e-01,4.200000000000000000e+02,8.378888081224118878e+00,2.801201907662339965e+21
1.190000000000000036e+01,2.166499999999999773e+02,1.963761645428827615e+04,1.963761645428827585e-01,4.200000000000000000e+02,8.247798910801074967e+00,2.757376613577584017e+21
1.200000000000000000e+01,2.166499999999999773e+02,1.933038250807443546e+04,1.933038250807443681e-01,4.200000000000000000e+02,8.118760653391262849e+00,2.714236973888664764e+21
1.209999999999999964e+01,2.166499999999999773e+02,1.902795529071824421e+04,1.902795529071824310e-01,4.200000000000000000e+02,7.991741222101661712e+00,2.671772261412563321e+21
1.219999999999999929e+01,2.166499999999999773e+02,1.873025960010548079e+04,1.873025960010548108e-01,4.200000000000000000e+02,7.866709032044301608e+00,2.629971916794914406e+21
1.230000000000000071e+01,2.166499999999999773e+02,1.843722141067219127e+04,1.843722141067219156e-01,4.200000000000000000e+02,7.743632992482319288e+00,2.588825545884302836e+21
1.240000000000000036e+01,2.166499999999999773e+02,1.814876785499730613e+04,1.814876785499730527e-01,4.200000000000000000e+02,7.622482499098867770e+00,2.548322917147629584e+21
1.250000000000000000e+01,2.166499999999999773e+02,1.786482720568331933e+04,1.786482720568332017e-01,4.200000000000000000e+02,7.503227426386993137e+00,2.508453959125921432e+21
1.259999999999999964e+01,2.166499999999999773e+02,1.758532885752040602e+04,1.758532885752040476e-01,4.200000000000000000e+02,7.385838120158569886e+00,2.469208757929944023e+21
1.269999999999999929e+01,2.166499999999999773e+02,1.731020330992961317e+04,1.731020330992961431e-01,4.200000000000000000e+02,7.270285390170436735e+00,2.430577554774994977e+21
1.280000000000000071e+01,2.166499999999999773e+02,1.703938214968069951e+04,1.703938214968069853e-01,4.200000000000000000e+02,7.156540502865893494e+00,2.392550743554266235e+21
1.290000000000000036e+01,2.166499999999999773e+02,1.677279803388038999e+04,1.677279803388039003e-01,4.200000000000000000e+02,7.044575174229763093e+00,2.355118868450171421e+21
1.300000000000000000e+01,2.166499999999999773e+02,1.651038467322676297e+04,1.651038467322676340e-01,4.200000000000000000e+02,6.934361562755239738e+00,2.318272621583046803e+21
1.309999999999999964e+01,2.166499999999999773e+02,1.625207681552561917e+04,1.625207681552561789e-01,4.200000000000000000e+02,6.825872262520759293e+00,2.282002840696633688e+21
1.319999999999999929e+01,2.166499999999999773e+02,1.599781022946476332e+04,1.599781022946476228e-01,4.200000000000000000e+02,6.719080296375199879e+00,2.246300506879775998e+21
1.330000000000000071e+01,2.166499999999999773e+02,1.574752168864211853e+04,1.574752168864211876e-01,4.200000000000000000e+02,6.613959109229688771e+00,2.211156742323761578e+21
1.340000000000000036e+01,2.166499999999999773e+02,1.550114895584373335e+04,1.550114895584373265e-01,4.200000000000000000e+02,6.510482561454367101e+00,2.176562808114749374e+21
1.350000000000000000e+01,2.166499999999999773e+02,1.525863076756776354e+04,1.525863076756776293e-01,4.200000000000000000e+02,6.408624922378460376e+00,2.142510102060734611e+21
1.359999999999999964e+01,2.166499999999999773e+02,1.501990681879056865e+04,1.501990681879056821e-01,4.200000000000000000e+02,6.308360863892038317e+00,2.108990156552511422e+21
1.369999999999999929e+01,2.166499999999999773e+02,1.478491774797115795e+04,1.478491774797115743e-01,4.200000000000000000e+02,6.209665454147885733e+00,2.075994636458102096e+21
1.380000000000000071e+01,2.166499999999999773e+02,1.455360512229024243e+04,1.455360512229024184e-01,4.200000000000000000e+02,6.112514151361901682e+00,2.043515337050128384e+21
1.390000000000000036e+01,2.166499999999999773e+02,1.432591142312021293e+04,1.432591142312021337e-01,4.200000000000000000e+02,6.016882797710488617e+00,2.011544181965606355e+21
1.400000000000000000e+01,2.166499999999999773e+02,1.410178003172245553e+04,1.410178003172245509e-01,4.200000000000000000e+02,5.922747613323430471e+00,1.980073221197665141e+21
1.409999999999999964e+01,2.166499999999999773e+02,1.388115521516843364e+04,1.388115521516843365e-01,4.200000000000000000e+02,5.830085190370741799e+00,1.949094629118683120e+21
1.419999999999999929e+01,2.166499999999999773e+02,1.366398211248102962e+04,1.366398211248102956e-01,4.200000000000000000e+02,5.738872487242032250e+00,1.918600702534351585e+21
1.430000000000000071e+01,2.166499999999999773e+02,1.345020672099271542e+04,1.345020672099271619e-01,4.200000000000000000e+02,5.649086822816940412e+00,1.888583858768185131e+21
1.440000000000000036e+01,2.166499999999999773e+02,1.323977588291714710e+04,1.323977588291714580e-01,4.200000000000000000e+02,5.560705870825201735e+00,1.859036633775999549e+21
1.450000000000000000e+01,2.166499999999999773e+02,1.303263727213084712e+04,1.303263727213084811e-01,4.200000000000000000e+02,5.473707654294955205e+00,1.829951680289886700e+21
1.459999999999999964e+01,2.166499999999999773e+02,1.282873938116170757e+04,1.282873938116170787e-01,4.200000000000000000e+02,5.388070540087916527e+00,1.801321765991233356e+21
1.469999999999999929e+01,2.166499999999999773e+02,1.262803150838102192e+04,1.262803150838102129e-01,4.200000000000000000e+02,5.303773233520028718e+00,1.773139771712314016e+21
1.480000000000000071e+01,2.166499999999999773e+02,1.243046374539594945e+04,1.243046374539594906e-01,4.200000000000000000e+02,5.220794773066298688e+00,1.745398689666029584e+21
1.490000000000000036e+01,2.166499999999999773e+02,1.223598696463918532e+04,1.223598696463918528e-01,4.200000000000000000e+02,5.139114525148457346e+00,1.718091621703336067e+21
1.500000000000000000e+01,2.166499999999999773e+02,1.204455280715281333e+04,1.204455280715281268e-01,4.200000000000000000e+02,5.058712179004181131e+00,1.691211777597938860e+21
1.509999999999999964e+01,2.166499999999999773e+02,1.185611367056328163e+04,1.185611367056328136e-01,4.200000000000000000e+02,4.979567741636578226e+00,1.664752473357822722e+21
1.519999999999999929e+01,2.166499999999999773e+02,1.167062269724449106e+04,1.167062269724449125e-01,4.200000000000000000e+02,4.901661532842686242e+00,1.638707129563195113e+21
1.530000000000000071e+01,2.166499999999999773e+02,1.148803376266612031e+04,1.148803376266612081e-01,4.200000000000000000e+02,4.824974180319769879e+00,1.613069269730439725e+21
1.540000000000000036e+01,2.166499999999999773e+02,1.130830146392418283e+04,1.130830146392418217e-01,4.200000000000000000e+02,4.749486614848156485e+00,1.587832518701659193e+21
1.550000000000000000e+01,2.166499999999999773e+02,1.113138110845107985e+04,1.113138110845107998e-01,4.200000000000000000e+02,4.675180065549453090e+00,1.562990601059417194e+21
1.559999999999999964e+01,2.166499999999999773e+02,1.095722870290225001e+04,1.095722870290224971e-01,4.200000000000000000e+02,4.602036055218944988e+00,1.538537339566281196e+21
1.569999999999999929e+01,2.166499999999999773e+02,1.078580094221670697e+04,1.078580094221670699e-01,4.200000000000000000e+02,4.530036395731016796e+00,1.514466653628779463e+21
1.580000000000000071e+01,2.166499999999999773e+02,1.061705519884872774e+04,1.061705519884872800e-01,4.200000000000000000e+02,4.459163183516465345e+00,1.490772557785389859e+21
1.590000000000000036e+01,2.166499999999999773e+02,1.045094951216799200e+04,1.045094951216799239e-01,4.200000000000000000e+02,4.389398795110555973e+00,1.467449160218181894e+21
1.600000000000000000e+01,2.166499999999999773e+02,1.028744257802559514e+04,1.028744257802559486e-01,4.200000000000000000e+02,4.320725882770749315e+00,1.444490661287749747e+21
1.610000000000000142e+01,2.166499999999999773e+02,1.012649373848326650e+04,1.012649373848326650e-01,4.200000000000000000e+02,4.253127370162971488e+00,1.421891352091059814e+21
1.619999999999999929e+01,2.166499999999999773e+02,9.968062971703291623e+03,9.968062971703291197e-02,4.200000000000000000e+02,4.186586448115382275e+00,1.399645613041865196e+21
1.630000000000000071e+01,2.166499999999999773e+02,9.812110881996617536e+03,9.812110881996617684e-02,4.200000000000000000e+02,4.121086570438579066e+00,1.377747912473330319e+21
1.639999999999999858e+01,2.166499999999999773e+02,9.658598690026636177e+03,9.658598690026636013e-02,4.200000000000000000e+02,4.056611449811186709e+00,1.356192805262514717e+21
1.650000000000000000e+01,2.166499999999999773e+02,9.507488223166250464e+03,9.507488223166250807e-02,4.200000000000000000e+02,3.993145053729824756e+00,1.334974931476379599e+21
1.660000000000000142e+01,2.166499999999999773e+02,9.358741906005794590e+03,9.358741906005794975e-02,4.200000000000000000e+02,3.930671600522433362e+00,1.314089015038976721e+21
1.669999999999999929e+01,2.166499999999999773e+02,9.212322751009460262e+03,9.212322751009460742e-02,4.200000000000000000e+02,3.869175555423972845e+00,1.293529862419488702e+21
1.680000000000000071e+01,2.166499999999999773e+02,9.068194349317916931e+03,9.068194349317916514e-02,4.200000000000000000e+02,3.808641626713524797e+00,1.273292361340797583e+21
1.689999999999999858e+01,2.166499999999999773e+02,8.926320861694801351e+03,8.926320861694801712e-02,4.200000000000000000e+02,3.749054761911816414e+00,1.253371479508255244e+21
1.700000000000000000e+01,2.166499999999999773e+02,8.786667009614880953e+03,8.786667009614880508e-02,4.200000000000000000e+02,3.690400144038249675e+00,1.233762263358343741e+21
1.710000000000000142e+01,2.166499999999999773e+02,8.649198066491622740e+03,8.649198066491622927e-02,4.200000000000000000e+02,3.632663187926481019e+00,1.214459836826913866e+21
1.719999999999999929e+01,2.166499999999999773e+02,8.513879849042015849e+03,8.513879849042016446e-02,4.200000000000000000e+02,3.575829536597646463e+00,1.195459400136692597e+21
1.730000000000000071e+01,2.166499999999999773e+02,8.380678708786501375e+03,8.380678708786501452e-02,4.200000000000000000e+02,3.519885057690330221e+00,1.176756228603763622e+21
1.739999999999999858e+01,2.166499999999999773e+02,8.249561523681866674e+03,8.249561523681867015e-02,4.200000000000000000e+02,3.464815839946383758e+00,1.158345671462716441e+21
1.750000000000000000e+01,2.166499999999999773e+02,8.120495689885059619e+03,8.120495689885059987e-02,4.200000000000000000e+02,3.410608189751724861e+00,1.140223150710179103e+21
1.760000000000000142e+01,2.166499999999999773e+02,7.993449113645861871e+03,7.993449113645861859e-02,4.200000000000000000e+02,3.357248627731261870e+00,1.122384159966444257e+21
1.769999999999999929e+01,2.166499999999999773e+02,7.868390203326394840e+03,7.868390203326394716e-02,4.200000000000000000e+02,3.304723885397085503e+00,1.104824263354903298e+21
1.780000000000000071e+01,2.166499999999999773e+02,7.745287861545482883e+03,7.745287861545482877e-02,4.200000000000000000e+02,3.253020901849102309e+00,1.087539094399014142e+21
1.789999999999999858e+01,2.166499999999999773e+02,7.624111477445917444e+03,7.624111477445917606e-02,4.200000000000000000e+02,3.202126820527285034e+00,1.070524354936523457e+21
1.800000000000000000e+01,2.166499999999999773e+02,7.504830919082714900e+03,7.504830919082715324e-02,4.200000000000000000e+02,3.152028986014740131e+00,1.053775814050679489e+21
1.810000000000000142e+01,2.166499999999999773e+02,7.387416525930439093e+03,7.387416525930438904e-02,4.200000000000000000e+02,3.102714940890784145e+00,1.037289307018162733e+21
1.819999999999999929e+01,2.166499999999999773e+02,7.271839101507768646e+03,7.271839101507768244e-02,4.200000000000000000e+02,3.054172422633262496e+00,1.021060734273479639e+21
1.830000000000000071e+01,2.166499999999999773e+02,7.158069906117434584e+03,7.158069906117434100e-02,4.200000000000000000e+02,3.006389360569322378e+00,1.005086060389555110e+21
1.839999999999999858e+01,2.166499999999999773e+02,7.046080649699774767e+03,7.046080649699774934e-02,4.200000000000000000e+02,2.959353872873905278e+00,9.893613130742786949e+20
1.850000000000000000e+01,2.166499999999999773e+02,6.935843484798047029e+03,6.935843484798047409e-02,4.200000000000000000e+02,2.913054263615179718e+00,9.738825821827431137e+20
1.860000000000000142e+01,2.166499999999999773e+02,6.827330999633857573e+03,6.827330999633857145e-02,4.200000000000000000e+02,2.867479019846220112e+00,9.586460187449445581e+20
1.869999999999999929e+01,2.166499999999999773e+02,6.720516211290868341e+03,6.720516211290868125e-02,4.200000000000000000e+02,2.822616808742164363e+00,9.436478340086862971e+20
1.880000000000000071e+01,2.166499999999999773e+02,6.615372559005202675e+03,6.615372559005203157e-02,4.200000000000000000e+02,2.778456474782184937e+00,9.288842984974651228e+20
1.889999999999999858e+01,2.166499999999999773e+02,6.511873897560775731e+03,6.511873897560775670e-02,4.200000000000000000e+02,2.734987036975525587e+00,9.143517410830887158e+20
1.900000000000000000e+01,2.166499999999999773e+02,6.409994490787985342e+03,6.409994490787984667e-02,4.200000000000000000e+02,2.692197686130953560e+00,9.000465480728083169e+20
1.910000000000000142e+01,2.166499999999999773e+02,6.309709005164107111e+03,6.309709005164107487e-02,4.200000000000000000e+02,2.650077782168924756e+00,8.859651623107309076e+20
1.919999999999999929e+01,2.166499999999999773e+02,6.210992503513814881e+03,6.210992503513814572e-02,4.200000000000000000e+02,2.608616851475801912e+00,8.721040822932897792e+20
1.930000000000000071e+01,2.166499999999999773e+02,6.113820438808253130e+03,6.113820438808253294e-02,4.200000000000000000e+02,2.567804584299465898e+00,8.584598612985542083e+20
1.939999999999999858e+01,2.166499999999999773e+02,6.018168648061126987e+03,6.018168648061127113e-02,4.200000000000000000e+02,2.527630832185673082e+00,8.450291065291613143e+20
1.950000000000000000e+01,2.166499999999999773e+02,5.924013346320296478e+03,5.924013346320296247e-02,4.200000000000000000e+02,2.488085605454524174e+00,8.318084782686569759e+20
1.960000000000000142e+01,2.166499999999999773e+02,5.831331120753357027e+03,5.831331120753357328e-02,4.200000000000000000e+02,2.449159070716409925e+00,8.187946890510356972e+20
1.969999999999999929e+01,2.166499999999999773e+02,5.740098924825758331e+03,5.740098924825758064e-02,4.200000000000000000e+02,2.410841548426818193e+00,8.059845028432712827e+20
1.980000000000000071e+01,2.166499999999999773e+02,5.650294072570031858e+03,5.650294072570032078e-02,4.200000000000000000e+02,2.373123510479413056e+00,7.933747342406435471e+20
1.989999999999999858e+01,2.166499999999999773e+02,5.561894232944622672e+03,5.561894232944622485e-02,4.200000000000000000e+02,2.335995577836741166e+00,7.809622476746436116e+20
2.000000000000000000e+01,2.166499999999999773e+02,5.474877424281044114e+03,5.474877424281043847e-02,4.200000000000000000e+02,2.299448518198038194e+00,7.687439566332829368e+20
2.010000000000000142e+01,2.167499999999999716e+02,5.389241615524491863e+03,5.389241615524491963e-02,4.200000000000000000e+02,2.263481478520286583e+00,7.563704550184490107e+20
2.019999999999999929e+01,2.168499999999999659e+02,5.304983863828021640e+03,5.304983863828021534e-02,4.200000000000000000e+02,2.228093222807769003e+00,7.442016841035294966e+20
2.030000000000000071e+01,2.169499999999999886e+02,5.222081373199554037e+03,5.222081373199553844e-02,4.200000000000000000e+02,2.193274176743812642e+00,7.322341643580164014e+20
2.039999999999999858e+01,2.170499999999999829e+02,5.140511734991313460e+03,5.140511734991313336e-02,4.200000000000000000e+02,2.159014928696351365e+00,7.204644769517486735e+20
2.050000000000000000e+01,2.171499999999999773e+02,5.060252921144153333e+03,5.060252921144153121e-02,4.200000000000000000e+02,2.125306226880544269e+00,7.088892626687465882e+20
2.060000000000000142e+01,2.172499999999999716e+02,4.981283277552735854e+03,4.981283277552735894e-02,4.200000000000000000e+02,2.092138976572148756e+00,6.975052208409669796e+20
2.069999999999999929e+01,2.173499999999999659e+02,4.903581517549361706e+03,4.903581517549361612e-02,4.200000000000000000e+02,2.059504237370731516e+00,6.863091083016099594e+20
2.080000000000000071e+01,2.174499999999999886e+02,4.827126715504218737e+03,4.827126715504218707e-02,4.200000000000000000e+02,2.027393220511771510e+00,6.752977383575985848e+20
2.089999999999999858e+01,2.175499999999999829e+02,4.751898300540158743e+03,4.751898300540158965e-02,4.200000000000000000e+02,1.995797286226866474e+00,6.644679797809091707e+20
2.100000000000000000e+01,2.176499999999999773e+02,4.677876050359336659e+03,4.677876050359336402e-02,4.200000000000000000e+02,1.964707941150921178e+00,6.538167558183145964e+20
2.110000000000000142e+01,2.177499999999999716e+02,4.605040085180407004e+03,4.605040085180407000e-02,4.200000000000000000e+02,1.934116835775770760e+00,6.433410432193034977e+20
2.119999999999999929e+01,2.178499999999999659e+02,4.533370861783739201e+03,4.533370861783739270e-02,4.200000000000000000e+02,1.904015761949170216e+00,6.330378712817591910e+20
2.130000000000000071e+01,2.179499999999999886e+02,4.462849167662652690e+03,4.462849167662652494e-02,4.200000000000000000e+02,1.874396650418314048e+00,6.229043209150646190e+20
2.139999999999999858e+01,2.180499999999999829e+02,4.393456115279419464e+03,4.393456115279419788e-02,4.200000000000000000e+02,1.845251568417356047e+00,6.129375237204004045e+20
2.150000000000000000e+01,2.181499999999999773e+02,4.325173136422919015e+03,4.325173136422919007e-02,4.200000000000000000e+02,1.816572717297625816e+00,6.031346610877481615e+20
2.160000000000000142e+01,2.182499999999999716e+02,4.257981976667286290e+03,4.257981976667286200e-02,4.200000000000000000e+02,1.788352430200260024e+00,5.934929633094535741e+20
2.169999999999999929e+01,2.183499999999999659e+02,4.191864689929002452e+03,4.191864689929002130e-02,4.200000000000000000e+02,1.760583169770180811e+00,5.840097087099393802e+20
2.180000000000000071e+01,2.184499999999999886e+02,4.126803633120845006e+03,4.126803633120845055e-02,4.200000000000000000e+02,1.733257525910754770e+00,5.746822227912975319e+20
2.189999999999999858e+01,2.185499999999999829e+02,4.062781460900931052e+03,4.062781460900931341e-02,4.200000000000000000e+02,1.706368213578390858e+00,5.655078773944633262e+20
2.200000000000000000e+01,2.186499999999999773e+02,3.999781120515087878e+03,3.999781120515087662e-02,4.200000000000000000e+02,1.679908070616336735e+00,5.564840898756750868e+20
2.210000000000000142e+01,2.187499999999999716e+02,3.937785846730875619e+03,3.937785846730875589e-02,4.200000000000000000e+02,1.653870055626967650e+00,5.476083222979396895e+20
2.219999999999999929e+01,2.188499999999999659e+02,3.876779156861573483e+03,3.876779156861573372e-02,4.200000000000000000e+02,1.628247245881860650e+00,5.388780806372181934e+20
2.230000000000000071e+01,2.189499999999999886e+02,3.816744845878477008e+03,3.816744845878476677e-02,4.200000000000000000e+02,1.603032835268960232e+00,5.302909140030581637e+20
2.239999999999999858e+01,2.190499999999999829e+02,3.757666981610063431e+03,3.757666981610063156e-02,4.200000000000000000e+02,1.578220132276226595e+00,5.218444138734230569e+20
2.250000000000000000e+01,2.191499999999999773e+02,3.699529900026017913e+03,3.699529900026017615e-02,4.200000000000000000e+02,1.553802558010927370e+00,5.135362133433974129e+20
2.260000000000000142e+01,2.192499999999999716e+02,3.642318200605177935e+03,3.642318200605178247e-02,4.200000000000000000e+02,1.529773644254174503e+00,5.053639863875908403e+20
2.269999999999999929e+01,2.193499999999999659e+02,3.586016741785275826e+03,3.586016741785275769e-02,4.200000000000000000e+02,1.506127031549815642e+00,4.973254471359034819e+20
2.280000000000000071e+01,2.194499999999999886e+02,3.530610636493554466e+03,3.530610636493554388e-02,4.200000000000000000e+02,1.482856467327292815e+00,4.894183491624832205e+20
2.289999999999999858e+01,2.195499999999999829e+02,3.476085247756359877e+03,3.476085247756360158e-02,4.200000000000000000e+02,1.459955804057671003e+00,4.816404847875685089e+20
2.300000000000000000e+01,2.196499999999999773e+02,3.422426184386305977e+03,3.422426184386306164e-02,4.200000000000000000e+02,1.437418997442248436e+00,4.739896843919812198e+20
2.310000000000000142e+01,2.197499999999999716e+02,3.369619296745956035e+03,3.369619296745956366e-02,4.200000000000000000e+02,1.415240104633301410e+00,4.664638157440843776e+20
2.319999999999999929e+01,2.198499999999999659e+02,3.317650672586270048e+03,3.317650672586269778e-02,4.200000000000000000e+02,1.393413282486233307e+00,4.590607833389216563e+20
2.330000000000000071e+01,2.199499999999999886e+02,3.266506632958622959e+03,3.266506632958623285e-02,4.200000000000000000e+02,1.371932785842621572e+00,4.517785277493347615e+20
2.339999999999999858e+01,2.200499999999999829e+02,3.216173728199029938e+03,3.216173728199030191e-02,4.200000000000000000e+02,1.350792965843592430e+00,4.446150249888325304e+20
2.350000000000000000e+01,2.201499999999999773e+02,3.166638733983276325e+03,3.166638733983276333e-02,4.200000000000000000e+02,1.329988268272976004e+00,4.375682858859939758e+20
2.360000000000000142e+01,2.202499999999999716e+02,3.117888647451667566e+03,3.117888647451667536e-02,4.200000000000000000e+02,1.309513231929700261e+00,4.306363554701914276e+20
2.369999999999999929e+01,2.203499999999999659e+02,3.069910683402132236e+03,3.069910683402132107e-02,4.200000000000000000e+02,1.289362487028895332e+00,4.238173123684226826e+20
2.380000000000000071e+01,2.204499999999999886e+02,3.022692270550435296e+03,3.022692270550435267e-02,4.200000000000000000e+02,1.269530753631182618e+00,4.171092682130458542e+20
2.389999999999999858e+01,2.205499999999999829e+02,2.976221047856429323e+03,2.976221047856429311e-02,4.200000000000000000e+02,1.250012840099700151e+00,4.105103670602336174e+20
2.400000000000000000e+01,2.206499999999999773e+02,2.930484860914692490e+03,2.930484860914692527e-02,4.200000000000000000e+02,1.230803641584170771e+00,4.040187848188858204e+20
2.410000000000000142e+01,2.207499999999999716e+02,2.885471758409162248e+03,2.885471758409162077e-02,4.200000000000000000e+02,1.211898138531848135e+00,3.976327286899134300e+20
2.419999999999999929e+01,2.208499999999999659e+02,2.841169988629843374e+03,2.841169988629843254e-02,4.200000000000000000e+02,1.193291395224534091e+00,3.913504366155961467e+20
2.430000000000000071e+01,2.209499999999999886e+02,2.797567996050898273e+03,2.797567996050898120e-02,4.200000000000000000e+02,1.174978558341377211e+00,3.851701767388860252e+20
2.439999999999999858e+01,2.210499999999999829e+02,2.754654417968999951e+03,2.754654417968999819e-02,4.200000000000000000e+02,1.156954855546979966e+00,3.790902468724723548e+20
2.450000000000000000e+01,2.211499999999999773e+02,2.712418081200561119e+03,2.712418081200560979e-02,4.200000000000000000e+02,1.139215594104235674e+00,3.731089739773855007e+20
2.460000000000000142e+01,2.212499999999999716e+02,2.670847998837193245e+03,2.670847998837193316e-02,4.200000000000000000e+02,1.121756159511620998e+00,3.672247136510212833e+20
2.469999999999999929e+01,2.213499999999999659e+02,2.629933367058046315e+03,2.629933367058046381e-02,4.200000000000000000e+02,1.104572014164379334e+00,3.614358496243699548e+20
2.480000000000000071e+01,2.214499999999999886e+02,2.589663561998116165e+03,2.589663561998116134e-02,4.200000000000000000e+02,1.087658696039208728e+00,3.557407932682959585e+20
2.489999999999999858e+01,2.215499999999999829e+02,2.550028136671501670e+03,2.550028136671501564e-02,4.200000000000000000e+02,1.071011817402030664e+00,3.501379831086995866e+20
2.500000000000000000e+01,2.216499999999999773e+02,2.511016817948616335e+03,2.511016817948616420e-02,4.200000000000000000e+02,1.054627063538418730e+00,3.446258843503959736e+20
2.510000000000000142e+01,2.217499999999999716e+02,2.472619503586393876e+03,2.472619503586393971e-02,4.200000000000000000e+02,1.038500191506285253e+00,3.392029884095528960e+20
2.519999999999999929e+01,2.218499999999999659e+02,2.434826259310523255e+03,2.434826259310523405e-02,4.200000000000000000e+02,1.022627028910419789e+00,3.338678124545266811e+20
2.530000000000000071e+01,2.219499999999999886e+02,2.397627315948786418e+03,2.397627315948786322e-02,4.200000000000000000e+02,1.007003472698490221e+00,3.286188989549437256e+20
2.539999999999999858e+01,2.220499999999999829e+02,2.361013066614584204e+03,2.361013066614584335e-02,4.200000000000000000e+02,9.916254879781253306e-01,3.234548152388768236e+20
2.550000000000000000e+01,2.221499999999999773e+02,2.324974063939738699e+03,2.324974063939738711e-02,4.200000000000000000e+02,9.764891068546901476e-01,3.183741530579642614e+20
2.560000000000000142e+01,2.222499999999999716e+02,2.289501017355701151e+03,2.289501017355701287e-02,4.200000000000000000e+02,9.615904272893943672e-01,3.133755281603290071e+20
2.569999999999999929e+01,2.223499999999999659e+02,2.254584790422286460e+03,2.254584790422286406e-02,4.200000000000000000e+02,9.469256119773602487e-01,3.084575798711526359e+20
2.580000000000000071e+01,2.224499999999999886e+02,2.220216398203073368e+03,2.220216398203073496e-02,4.200000000000000000e+02,9.324908872452907227e-01,3.036189706807617782e+20
2.589999999999999858e+01,2.225499999999999829e+02,2.186387004686730052e+03,2.186387004686730223e-02,4.200000000000000000e+02,9.182825419684265134e-01,2.988583858401035551e+20
2.600000000000000000e+01,2.226499999999999773e+02,2.153087920253197808e+03,2.153087920253197660e-02,4.200000000000000000e+02,9.042969265063429685e-01,2.941745329634386248e+20
2.610000000000000142e+01,2.227499999999999716e+02,2.120310599184254897e+03,2.120310599184254893e-02,4.200000000000000000e+02,8.905304516573869789e-01,2.895661416381669048e+20
2.619999999999999929e+01,2.228499999999999659e+02,2.088046637217427815e+03,2.088046637217427781e-02,4.200000000000000000e+02,8.769795876313195571e-01,2.850319630416197386e+20
2.630000000000000071e+01,2.229499999999999886e+02,2.056287769142563320e+03,2.056287769142563226e-02,4.200000000000000000e+02,8.636408630398765274e-01,2.805707695647049318e+20
2.639999999999999858e+01,2.230499999999999829e+02,2.025025866440290656e+03,2.025025866440290784e-02,4.200000000000000000e+02,8.505108639049220320e-01,2.761813544422771261e+20
2.650000000000000000e+01,2.231499999999999773e+02,1.994252934961622486e+03,1.994252934961622536e-02,4.200000000000000000e+02,8.375862326838813265e-01,2.718625313901100073e+20
2.660000000000000142e+01,2.232499999999999716e+02,1.963961112647959908e+03,1.963961112647959889e-02,4.200000000000000000e+02,8.248636673121431118e-01,2.676131342483500564e+20
2.669999999999999929e+01,2.233499999999999659e+02,1.934142667290778036e+03,1.934142667290777995e-02,4.200000000000000000e+02,8.123399202621267579e-01,2.634320166313321759e+20
2.680000000000000071e+01,2.234499999999999886e+02,1.904789994330291393e+03,1.904789994330291503e-02,4.200000000000000000e+02,8.000117976187223201e-01,2.593180515836429271e+20
2.689999999999999858e+01,2.235499999999999829e+02,1.875895614692394702e+03,1.875895614692394547e-02,4.200000000000000000e+02,7.878761581708056960e-01,2.552701312423149568e+20
2.700000000000000000e+01,2.236499999999999773e+02,1.847452172663202873e+03,1.847452172663202954e-02,4.200000000000000000e+02,7.759299125185451507e-01,2.512871665050416906e+20
2.710000000000000142e+01,2.237499999999999716e+02,1.819452433800519884e+03,1.819452433800520033e-02,4.200000000000000000e+02,7.641700221962183237e-01,2.473680867043030467e+20
2.719999999999999929e+01,2.238499999999999659e+02,1.791889282881576719e+03,1.791889282881576825e-02,4.200000000000000000e+02,7.525934988102621626e-01,2.435118392872930181e+20
2.730000000000000071e+01,2.239499999999999886e+02,1.764755721886378979e+03,1.764755721886378942e-02,4.200000000000000000e+02,7.411974031922791140e-01,2.397173895015419085e+20
2.739999999999999858e+01,2.240499999999999829e+02,1.738044868016112787e+03,1.738044868016112854e-02,4.200000000000000000e+02,7.299788445667673153e-01,2.359837200861407478e+20
2.750000000000000000e+01,2.241499999999999773e+02,1.711749951745787257e+03,1.711749951745787299e-02,4.200000000000000000e+02,7.189349797332306169e-01,2.323098309684384236e+20
2.760000000000000142e+01,2.242499999999999716e+02,1.685864314910764961e+03,1.685864314910764938e-02,4.200000000000000000e+02,7.080630122625212186e-01,2.286947389661473341e+20
2.769999999999999929e+01,2.243499999999999659e+02,1.660381408826394591e+03,1.660381408826394622e-02,4.200000000000000000e+02,6.973601917070856304e-01,2.251374774947344876e+20
2.780000000000000071e+01,2.244499999999999886e+02,1.635294792440154879e+03,1.635294792440154799e-02,4.200000000000000000e+02,6.868238128248650431e-01,2.216370962800008233e+20
2.789999999999999858e+01,2.245499999999999829e+02,1.610598130515969160e+03,1.610598130515969104e-02,4.200000000000000000e+02,6.764512148167070027e-01,2.181926610757869240e+20
2.800000000000000000e+01,2.246499999999999773e+02,1.586285191849699004e+03,1.586285191849699100e-02,4.200000000000000000e+02,6.662397805768734971e-01,2.148032533866548429e+20
2.810000000000000142e+01,2.247499999999999716e+02,1.562349847515687088e+03,1.562349847515687173e-02,4.200000000000000000e+02,6.561869359565885018e-01,2.114679701955126231e+20
2.819999999999999929e+01,2.248499999999999659e+02,1.538786069143541454e+03,1.538786069143541387e-02,4.200000000000000000e+02,6.462901490402873650e-01,2.081859236960572867e+20
2.830000000000000071e+01,2.249499999999999886e+02,1.515587927224715258e+03,1.515587927224715248e-02,4.200000000000000000e+02,6.365469294343804041e-01,2.049562410299604664e+20
2.839999999999999858e+01,2.250499999999999829e+02,1.492749589448337929e+03,1.492749589448337869e-02,4.200000000000000000e+02,6.269548275683018979e-01,2.017780640287092900e+20
2.850000000000000000e+01,2.251499999999999773e+02,1.470265319065781114e+03,1.470265319065781028e-02,4.200000000000000000e+02,6.175114340076279795e-01,1.986505489600169247e+20
2.860000000000000142e+01,2.252499999999999716e+02,1.448129473283451944e+03,1.448129473283451922e-02,4.200000000000000000e+02,6.082143787790497136e-01,1.955728662787211264e+20
2.869999999999999929e+01,2.253499999999999659e+02,1.426336501683309962e+03,1.426336501683309922e-02,4.200000000000000000e+02,5.990613307069900806e-01,1.925442003820887409e+20
2.880000000000000071e+01,2.254499999999999886e+02,1.404880944670614326e+03,1.404880944670614321e-02,4.200000000000000000e+02,5.900499967616579244e-01,1.895637493694450565e+20
2.889999999999999858e+01,2.255499999999999829e+02,1.383757431948475414e+03,1.383757431948475468e-02,4.200000000000000000e+02,5.811781214183596722e-01,1.866307248060584428e+20
2.900000000000000000e+01,2.256499999999999773e+02,1.362960681018594187e+03,1.362960681018594161e-02,4.200000000000000000e+02,5.724434860278094783e-01,1.837443514911825592e+20
2.910000000000000142e+01,2.257499999999999716e+02,1.342485495707876225e+03,1.342485495707876168e-02,4.200000000000000000e+02,5.638439081973080080e-01,1.809038672302024950e+20
2.919999999999999929e+01,2.258499999999999659e+02,1.322326764720454094e+03,1.322326764720454031e-02,4.200000000000000000e+02,5.553772411825906863e-01,1.781085226108078981e+20
2.930000000000000071e+01,2.259499999999999886e+02,1.302479460214525716e+03,1.302479460214525653e-02,4.200000000000000000e+02,5.470413732901007187e-01,1.753575807831019028e+20
2.939999999999999858e+01,2.260499999999999829e+02,1.282938636403765940e+03,1.282938636403765931e-02,4.200000000000000000e+02,5.388342272895816354e-01,1.726503172436006666e+20
2.950000000000000000e+01,2.261499999999999773e+02,1.263699428182677138e+03,1.263699428182677061e-02,4.200000000000000000e+02,5.307537598367243481e-01,1.699860196230257705e+20
2.960000000000000142e+01,2.262499999999999716e+02,1.244757049775653968e+03,1.244757049775653893e-02,4.200000000000000000e+02,5.227979609057745725e-01,1.673639874778482278e+20
2.969999999999999929e+01,2.263499999999999659e+02,1.226106793409206830e+03,1.226106793409206808e-02,4.200000000000000000e+02,5.149648532318668037e-01,1.647835320854975283e+20
2.980000000000000071e+01,2.264499999999999886e+02,1.207744028006988628e+03,1.207744028006988574e-02,4.200000000000000000e+02,5.072524917629351870e-01,1.622439762431760466e+20
2.989999999999999858e+01,2.265499999999999829e+02,1.189664197907215794e+03,1.189664197907215788e-02,4.200000000000000000e+02,4.996589631210305860e-01,1.597446540702141972e+20
3.000000000000000000e+01,2.266499999999999773e+02,1.171862821602090662e+03,1.171862821602090605e-02,4.200000000000000000e+02,4.921823850728780370e-01,1.572849108139008328e+20
3.010000000000000142e+01,2.267499999999999716e+02,1.154335490498837999e+03,1.154335490498837984e-02,4.200000000000000000e+02,4.848209060095119427e-01,1.548641026587279688e+20
3.019999999999999929e+01,2.268499999999999659e+02,1.137077867701973446e+03,1.137077867701973520e-02,4.200000000000000000e+02,4.775727044348287986e-01,1.524815965389866598e+20
3.030000000000000071e+01,2.269499999999999886e+02,1.120085686816425550e+03,1.120085686816425612e-02,4.200000000000000000e+02,4.704359884628986910e-01,1.501367699546539622e+20
3.039999999999999858e+01,2.270499999999999829e+02,1.103354750771201452e+03,1.103354750771201424e-02,4.200000000000000000e+02,4.634089953239045601e-01,1.478290107905184891e+20
3.050000000000000000e+01,2.271499999999999773e+02,1.086880930663064419e+03,1.086880930663064460e-02,4.200000000000000000e+02,4.564899908784870175e-01,1.455577171384641782e+20
3.060000000000000142e+01,2.272499999999999716e+02,1.070660164620155001e+03,1.070660164620155022e-02,4.200000000000000000e+02,4.496772691404650746e-01,1.433222971228927099e+20
3.069999999999999929e+01,2.273499999999999659e+02,1.054688456684926450e+03,1.054688456684926487e-02,4.200000000000000000e+02,4.429691518076690482e-01,1.411221687291910554e+20
3.080000000000000071e+01,2.274499999999999886e+02,1.038961875716212717e+03,1.038961875716212790e-02,4.200000000000000000e+02,4.363639878008093165e-01,1.389567596352106004e+20
3.089999999999999858e+01,2.275499999999999829e+02,1.023476554310087522e+03,1.023476554310087487e-02,4.200000000000000000e+02,4.298601528102367064e-01,1.368255070457024512e+20
3.100000000000000000e+01,2.276499999999999773e+02,1.008228687739076918e+03,1.008228687739076875e-02,4.200000000000000000e+02,4.234560488504122699e-01,1.347278575296418284e+20
3.110000000000000142e+01,2.277499999999999716e+02,9.932145329095557145e+02,9.932145329095557959e-03,4.200000000000000000e+02,4.171501038220133406e-01,1.326632668604098478e+20
3.119999999999999929e+01,2.278499999999999659e+02,9.784304073368986110e+02,9.784304073368986845e-03,4.200000000000000000e+02,4.109407710814974024e-01,1.306311998587665777e+20
3.130000000000000071e+01,2.279499999999999886e+02,9.638726881381163594e+02,9.638726881381162737e-03,4.200000000000000000e+02,4.048265290180088627e-01,1.286311302385706271e+20
3.139999999999999858e+01,2.280499999999999829e+02,9.495378110416686468e+02,9.495378110416686709e-03,4.200000000000000000e+02,3.988058806375007759e-01,1.266625404551963935e+20
3.150000000000000000e+01,2.281499999999999773e+02,9.354222694141485590e+02,9.354222694141486188e-03,4.200000000000000000e+02,3.928773531539423436e-01,1.247249215565990789e+20
3.160000000000000142e+01,2.282499999999999716e+02,9.215226133035494058e+02,9.215226133035494052e-03,4.200000000000000000e+02,3.870394975874907328e-01,1.228177730369813545e+20
3.169999999999999929e+01,2.283499999999999659e+02,9.078354484988185504e+02,9.078354484988185313e-03,4.200000000000000000e+02,3.812908883695037554e-01,1.209406026930144215e+20
3.180000000000000071e+01,2.284499999999999886e+02,8.943574356054191412e+02,8.943574356054190613e-03,4.200000000000000000e+02,3.756301229542760023e-01,1.190929264825682330e+20
3.189999999999999858e+01,2.285499999999999829e+02,8.810852891366158701e+02,8.810852891366158929e-03,4.200000000000000000e+02,3.700558214373786403e-01,1.172742683859053609e+20
3.200000000000000000e+01,2.286499999999999773e+02,8.680157766202149787e+02,8.680157766202149447e-03,4.200000000000000000e+02,3.645666261804902386e-01,1.154841602692953539e+20
3.210000000000000142e+01,2.289299999999999784e+02,8.551507413698591336e+02,8.551507413698590868e-03,4.200000000000000000e+02,3.591633113753407991e-01,1.136333933837792707e+20
3.220000000000000284e+01,2.292099999999999795e+02,8.424917584412365841e+02,8.424917584412366239e-03,4.200000000000000000e+02,3.538465385453193335e-01,1.118144952613992038e+20
3.229999999999999716e+01,2.294899999999999807e+02,8.300352819170220755e+02,8.300352819170219928e-03,4.200000000000000000e+02,3.486148184051492405e-01,1.100268792175304868e+20
3.239999999999999858e+01,2.297699999999999818e+02,8.177778311187145164e+02,8.177778311187145627e-03,4.200000000000000000e+02,3.434666890698600539e-01,1.082699700646231900e+20
3.250000000000000000e+01,2.300499999999999829e+02,8.057159893289334605e+02,8.057159893289334365e-03,4.200000000000000000e+02,3.384007155181520399e-01,1.065432038732791972e+20
3.260000000000000142e+01,2.303299999999999841e+02,7.938464025402645348e+02,7.938464025402644508e-03,4.200000000000000000e+02,3.334154890669110971e-01,1.048460277385780265e+20
3.270000000000000284e+01,2.306099999999999852e+02,7.821657782300460440e+02,7.821657782300459744e-03,4.200000000000000000e+02,3.285096268566193300e-01,1.031778995515272397e+20
3.279999999999999716e+01,2.308899999999999864e+02,7.706708841605612861e+02,7.706708841605612939e-03,4.200000000000000000e+02,3.236817713474356983e-01,1.015382877755230618e+20
3.289999999999999858e+01,2.311699999999999875e+02,7.593585472040375635e+02,7.593585472040375456e-03,4.200000000000000000e+02,3.189305898256957761e-01,9.992667122769977344e+19
3.300000000000000000e+01,2.314499999999999886e+02,7.482256521919441639e+02,7.482256521919441322e-03,4.200000000000000000e+02,3.142547739206165147e-01,9.834253886506011853e+19
3.310000000000000142e+01,2.317299999999999898e+02,7.372691407880337238e+02,7.372691407880336938e-03,4.200000000000000000e+02,3.096530391309741392e-01,9.678538957527300506e+19
3.320000000000000284e+01,2.320099999999999909e+02,7.264860103846394850e+02,7.264860103846394745e-03,4.200000000000000000e+02,3.051241243615485654e-01,9.525473197203542835e+19
3.329999999999999716e+01,2.322899999999999636e+02,7.158733130216853624e+02,7.158733130216853383e-03,4.200000000000000000e+02,3.006667914691078525e-01,9.375008419488877773e+19
3.339999999999999858e+01,2.325699999999999648e+02,7.054281543279325888e+02,7.054281543279325960e-03,4.200000000000000000e+02,2.962798248177316851e-01,9.227097371338966630e+19
3.350000000000000000e+01,2.328499999999999659e+02,6.951476924839971616e+02,6.951476924839971802e-03,4.200000000000000000e+02,2.919620308432787636e-01,9.081693713553815962e+19
3.360000000000000142e+01,2.331299999999999670e+02,6.850291372066193389e+02,6.850291372066193499e-03,4.200000000000000000e+02,2.877122376267801096e-01,8.938752002035944653e+19
3.370000000000000284e+01,2.334099999999999682e+02,6.750697487537792085e+02,6.750697487537792203e-03,4.200000000000000000e+02,2.835292944765872569e-01,8.798227669455129805e+19
3.379999999999999716e+01,2.336899999999999693e+02,6.652668369501619736e+02,6.652668369501619876e-03,4.200000000000000000e+02,2.794120715190679949e-01,8.660077007309886259e+19
3.389999999999999858e+01,2.339699999999999704e+02,6.556177602325491307e+02,6.556177602325491405e-03,4.200000000000000000e+02,2.753594592976705835e-01,8.524257148376812749e+19
3.400000000000000000e+01,2.342499999999999716e+02,6.461199247147235383e+02,6.461199247147235772e-03,4.200000000000000000e+02,2.713703683801838573e-01,8.390726049539226010e+19
3.410000000000000142e+01,2.345299999999999727e+02,6.367707832714303322e+02,6.367707832714303122e-03,4.200000000000000000e+02,2.674437289740007051e-01,8.259442474985965158e+19
3.420000000000000284e+01,2.348099999999999739e+02,6.275678346410142012e+02,6.275678346410141703e-03,4.200000000000000000e+02,2.635784905492259411e-01,8.130365979772370944e+19
3.429999999999999716e+01,2.350899999999999750e+02,6.185086225463070377e+02,6.185086225463070318e-03,4.200000000000000000e+02,2.597736214694489343e-01,8.003456893734882509e+19
3.439999999999999858e+01,2.353699999999999761e+02,6.095907348334033031e+02,6.095907348334032860e-03,4.200000000000000000e+02,2.560281086300293385e-01,7.878676305751660954e+19
3.450000000000000000e+01,2.356499999999999773e+02,6.008118026279034893e+02,6.008118026279035163e-03,4.200000000000000000e+02,2.523409571037194543e-01,7.755986048340905165e+19
3.460000000000000142e+01,2.359299999999999784e+02,5.921694995082772266e+02,5.921694995082772174e-03,4.200000000000000000e+02,2.487111897934764226e-01,7.635348682589575578e+19
3.470000000000000284e+01,2.362099999999999795e+02,5.836615406959622305e+02,5.836615406959622110e-03,4.200000000000000000e+02,2.451378470923041286e-01,7.516727483404856525e+19
3.479999999999999716e+01,2.364899999999999807e+02,5.752856822618618935e+02,5.752856822618618825e-03,4.200000000000000000e+02,2.416199865499819854e-01,7.400086425081321882e+19
3.489999999999999858e+01,2.367699999999999818e+02,5.670397203488655578e+02,5.670397203488655377e-03,4.200000000000000000e+02,2.381566825465235016e-01,7.285390167176368128e+19
3.500000000000000000e+01,2.370499999999999829e+02,5.589214904100604144e+02,5.589214904100603745e-03,4.200000000000000000e+02,2.347470259722253538e-01,7.172604040687136768e+19
3.510000000000000142e+01,2.373299999999999841e+02,5.509288664623142040e+02,5.509288664623142318e-03,4.200000000000000000e+02,2.313901239141719357e-01,7.061694034522273382e+19
3.520000000000000284e+01,2.376099999999999852e+02,5.430597603548744701e+02,5.430597603548744517e-03,4.200000000000000000e+02,2.280850993490472489e-01,6.952626782261627290e+19
3.529999999999999716e+01,2.378899999999999864e+02,5.353121210526861660e+02,5.353121210526861316e-03,4.200000000000000000e+02,2.248310908421281562e-01,6.845369549197642138e+19
3.539999999999999858e+01,2.381699999999999875e+02,5.276839339340987181e+02,5.276839339340986916e-03,4.200000000000000000e+02,2.216272522523214383e-01,6.739890219651955917e+19
3.550000000000000000e+01,2.384499999999999886e+02,5.201732201026799203e+02,5.201732201026799084e-03,4.200000000000000000e+02,2.184727524431255563e-01,6.636157284561320346e+19
3.560000000000000142e+01,2.387299999999999898e+02,5.127780357128094693e+02,5.127780357128094643e-03,4.200000000000000000e+02,2.153667749993799507e-01,6.534139829326487552e+19
3.570000000000000284e+01,2.390099999999999909e+02,5.054964713087749715e+02,5.054964713087749771e-03,4.200000000000000000e+02,2.123085179496854713e-01,6.433807521918346035e+19
3.579999999999999716e+01,2.392899999999999636e+02,4.983266511770946749e+02,4.983266511770946885e-03,4.200000000000000000e+02,2.092971934943797518e-01,6.335130601235718144e+19
3.589999999999999858e+01,2.395699999999999648e+02,4.912667327117594027e+02,4.912667327117594199e-03,4.200000000000000000e+02,2.063320277389389390e-01,6.238079865708836454e+19
3.600000000000000000e+01,2.398499999999999659e+02,4.843149057921542067e+02,4.843149057921542280e-03,4.200000000000000000e+02,2.034122604327047446e-01,6.142626662143482266e+19
3.610000000000000142e+01,2.401299999999999670e+02,4.774693921733636444e+02,4.774693921733636458e-03,4.200000000000000000e+02,2.005371447128127260e-01,6.048742874800039526e+19
3.620000000000000284e+01,2.404099999999999682e+02,4.707284448886189239e+02,4.707284448886189451e-03,4.200000000000000000e+02,1.977059468532199327e-01,5.956400914702498202e+19
3.629999999999999716e+01,2.406899999999999693e+02,4.640903476636176492e+02,4.640903476636176750e-03,4.200000000000000000e+02,1.949179460187193957e-01,5.865573709172152730e+19
3.639999999999999858e+01,2.409699999999999704e+02,4.575534143424857803e+02,4.575534143424857952e-03,4.200000000000000000e+02,1.921724340238440132e-01,5.776234691581230285e+19
3.650000000000000000e+01,2.412499999999999716e+02,4.511159883251144151e+02,4.511159883251143927e-03,4.200000000000000000e+02,1.894687150965480293e-01,5.688357791321305907e+19
3.660000000000000142e+01,2.415299999999999727e+02,4.447764420156441361e+02,4.447764420156441641e-03,4.200000000000000000e+02,1.868061056465705194e-01,5.601917423981902234e+19
3.670000000000000284e+01,2.418099999999999739e+02,4.385331762818739207e+02,4.385331762818738856e-03,4.200000000000000000e+02,1.841839340383870371e-01,5.516888481734746112e+19
3.679999999999999716e+01,2.420899999999999750e+02,4.323846199253438840e+02,4.323846199253438514e-03,4.200000000000000000e+02,1.816015403686444263e-01,5.433246323918893875e+19
3.689999999999999858e+01,2.423699999999999761e+02,4.263292291618872127e+02,4.263292291618872402e-03,4.200000000000000000e+02,1.790582762479926149e-01,5.350966767822509670e+19
3.700000000000000000e+01,2.426499999999999773e+02,4.203654871124193733e+02,4.203654871124193858e-03,4.200000000000000000e+02,1.765535045872161091e-01,5.270026079656810906e+19
3.710000000000000142e+01,2.429299999999999784e+02,4.144919033037693907e+02,4.144919033037693622e-03,4.200000000000000000e+02,1.740865993875831408e-01,5.190400965718182298e+19
3.720000000000000284e+01,2.432099999999999795e+02,4.087070131793223027e+02,4.087070131793222975e-03,4.200000000000000000e+02,1.716569455353153528e-01,5.112068563734055322e+19
3.729999999999999716e+01,2.434899999999999807e+02,4.030093776192795758e+02,4.030093776192796018e-03,4.200000000000000000e+02,1.692639386000974189e-01,5.035006434388668416e+19
3.739999999999999858e+01,2.437699999999999818e+02,3.973975824703463786e+02,3.973975824703463756e-03,4.200000000000000000e+02,1.669069846375454691e-01,4.959192553024858522e+19
3.750000000000000000e+01,2.440499999999999829e+02,3.918702380846311257e+02,3.918702380846311555e-03,4.200000000000000000e+02,1.645854999955450593e-01,4.884605301517809254e+19
3.760000000000000142e+01,2.443299999999999841e+02,3.864259788675818186e+02,3.864259788675818326e-03,4.200000000000000000e+02,1.622989111243843541e-01,4.811223460317191373e+19
3.770000000000000284e+01,2.446099999999999852e+02,3.810634628347607418e+02,3.810634628347607262e-03,4.200000000000000000e+02,1.600466543905995076e-01,4.739026200653870694e+19
3.779999999999999716e+01,2.448899999999999864e+02,3.757813711772907936e+02,3.757813711772908013e-03,4.200000000000000000e+02,1.578281758944621305e-01,4.667993076907802624e+19
3.789999999999999858e+01,2.451699999999999875e+02,3.705784078357733620e+02,3.705784078357733657e-03,4.200000000000000000e+02,1.556429312910247997e-01,4.598104019133335142e+19
3.800000000000000000e+01,2.454499999999999886e+02,3.654532990825207435e+02,3.654532990825207304e-03,4.200000000000000000e+02,1.534903856146586920e-01,4.529339325738728653e+19
3.810000000000000142e+01,2.457299999999999613e+02,3.604047931119189911e+02,3.604047931119189977e-03,4.200000000000000000e+02,1.513700131070059574e-01,4.461679656316365210e+19
3.820000000000000284e+01,2.460099999999999909e+02,3.554316596387637901e+02,3.554316596387637698e-03,4.200000000000000000e+02,1.492812970482807755e-01,4.395106024620522701e+19
3.829999999999999716e+01,2.462899999999999636e+02,3.505326895044066760e+02,3.505326895044066655e-03,4.200000000000000000e+02,1.472237295918507882e-01,4.329599791689509274e+19
3.839999999999999858e+01,2.465699999999999648e+02,3.457066942905271389e+02,3.457066942905271181e-03,4.200000000000000000e+02,1.451968116020213861e-01,4.265142659108748493e+19
3.850000000000000000e+01,2.468499999999999659e+02,3.409525059404160174e+02,3.409525059404160032e-03,4.200000000000000000e+02,1.432000524949747222e-01,4.201716662412278170e+19
3.860000000000000142e+01,2.471299999999999670e+02,3.362689763875734457e+02,3.362689763875734671e-03,4.200000000000000000e+02,1.412329700827808232e-01,4.139304164619146854e+19
3.870000000000000284e+01,2.474099999999999682e+02,3.316549771915059637e+02,3.316549771915059449e-03,4.200000000000000000e+02,1.392950904204325047e-01,4.077887849902216806e+19
3.879999999999999716e+01,2.476899999999999693e+02,3.271093991805515202e+02,3.271093991805515411e-03,4.200000000000000000e+02,1.373859476558316195e-01,4.017450717386217882e+19
3.889999999999999858e+01,2.479699999999999704e+02,3.226311521015986727e+02,3.226311521015986800e-03,4.200000000000000000e+02,1.355050838826714343e-01,3.957976075072409600e+19
3.900000000000000000e+01,2.482499999999999716e+02,3.182191642765663460e+02,3.182191642765663624e-03,4.200000000000000000e+02,1.336520489961578462e-01,3.899447533887186534e+19
3.910000000000000142e+01,2.485299999999999727e+02,3.138723822654899891e+02,3.138723822654899877e-03,4.200000000000000000e+02,1.318264005515057957e-01,3.841849001851789312e+19
3.920000000000000284e+01,2.488099999999999739e+02,3.095897705360941927e+02,3.095897705360941762e-03,4.200000000000000000e+02,1.300277036251595575e-01,3.785164678370675917e+19
3.929999999999999716e+01,2.490899999999999750e+02,3.053703111397089174e+02,3.053703111397089096e-03,4.200000000000000000e+02,1.282555306786777316e-01,3.729379048635899904e+19
3.939999999999999858e+01,2.493699999999999761e+02,3.012130033934139988e+02,3.012130033934139802e-03,4.200000000000000000e+02,1.265094614252338656e-01,3.674476878145160397e+19
3.950000000000000000e+01,2.496499999999999773e+02,2.971168635682694799e+02,2.971168635682695010e-03,4.200000000000000000e+02,1.247890826986731705e-01,3.620443207330891776e+19
3.960000000000000142e+01,2.499299999999999784e+02,2.930809245835207548e+02,2.930809245835207591e-03,4.200000000000000000e+02,1.230939883250787015e-01,3.567263346298192282e+19
3.970000000000000284e+01,2.502099999999999795e+02,2.891042357066493764e+02,2.891042357066493911e-03,4.200000000000000000e+02,1.214237789967927278e-01,3.514922869669146214e+19
3.979999999999999716e+01,2.504899999999999807e+02,2.851858622591617518e+02,2.851858622591617667e-03,4.200000000000000000e+02,1.197780621488479247e-01,3.463407611531408998e+19
3.989999999999999858e+01,2.507699999999999818e+02,2.813248853279871469e+02,2.813248853279871637e-03,4.200000000000000000e+02,1.181564518377545975e-01,3.412703660488684339e+19
4.000000000000000000e+01,2.510499999999999829e+02,2.775204014823779630e+02,2.775204014823779656e-03,4.200000000000000000e+02,1.165585686225987377e-01,3.362797354810988134e+19
4.010000000000000142e+01,2.513299999999999841e+02,2.737715224962078082e+02,2.737715224962077986e-03,4.200000000000000000e+02,1.149840394484072659e-01,3.313675277682668339e+19
4.020000000000000284e+01,2.516099999999999852e+02,2.700773750755446940e+02,2.700773750755447022e-03,4.200000000000000000e+02,1.134324975317287654e-01,3.265324252545934131e+19
4.029999999999999716e+01,2.518899999999999864e+02,2.664371005914060788e+02,2.664371005914060921e-03,4.200000000000000000e+02,1.119035822483905457e-01,3.217731338538016358e+19
4.039999999999999858e+01,2.521699999999999875e+02,2.628498548175817859e+02,2.628498548175818052e-03,4.200000000000000000e+02,1.103969390233843356e-01,3.170883826019866214e+19
4.050000000000000000e+01,2.524499999999999886e+02,2.593148076734341885e+02,2.593148076734341952e-03,4.200000000000000000e+02,1.089122192228423464e-01,3.124769232194586214e+19
4.060000000000000142e+01,2.527299999999999613e+02,2.558311429715647307e+02,2.558311429715647359e-03,4.200000000000000000e+02,1.074490800480571717e-01,3.079375296813561856e+19
4.070000000000000284e+01,2.530099999999999909e+02,2.523980581702530515e+02,2.523980581702530649e-03,4.200000000000000000e+02,1.060071844315062656e-01,3.034689977968482714e+19
4.079999999999999716e+01,2.532899999999999636e+02,2.490147641305814545e+02,2.490147641305814723e-03,4.200000000000000000e+02,1.045862009348442062e-01,2.990701447967560499e+19
4.089999999999999858e+01,2.535699999999999648e+02,2.456804848781347630e+02,2.456804848781347656e-03,4.200000000000000000e+02,1.031858036488165903e-01,2.947398089293934592e+19
4.100000000000000000e+01,2.538499999999999659e+02,2.423944573692023710e+02,2.423944573692023499e-03,4.200000000000000000e+02,1.018056720950649835e-01,2.904768490644804813e+19
4.110000000000000142e+01,2.541299999999999670e+02,2.391559312613779014e+02,2.391559312613779180e-03,4.200000000000000000e+02,1.004454911297787134e-01,2.862801443049370419e+19
4.120000000000000284e+01,2.544099999999999682e+02,2.359641686884780825e+02,2.359641686884780820e-03,4.200000000000000000e+02,9.910495084916078057e-02,2.821485936064058573e+19
4.129999999999999716e+01,2.546899999999999693e+02,2.328184440396888419e+02,2.328184440396888297e-03,4.200000000000000000e+02,9.778374649666930762e-02,2.780811154043337933e+19
4.139999999999999858e+01,2.549699999999999704e+02,2.297180437428633013e+02,2.297180437428633041e-03,4.200000000000000000e+02,9.648157837200257991e-02,2.740766472484643635e+19
4.150000000000000000e+01,2.552499999999999716e+02,2.266622660518782197e+02,2.266622660518782285e-03,4.200000000000000000e+02,9.519815174178884731e-02,2.701341454445724058e+19
4.160000000000000142e+01,2.555299999999999727e+02,2.236504208379744796e+02,2.236504208379744719e-03,4.200000000000000000e+02,9.393317675194927385e-02,2.662525847032971264e+19
4.170000000000000284e+01,2.558099999999999739e+02,2.206818293850068073e+02,2.206818293850068124e-03,4.200000000000000000e+02,9.268636834170285166e-02,2.624309577959304397e+19
4.179999999999999716e+01,2.560899999999999750e+02,2.177558241885152199e+02,2.177558241885152110e-03,4.200000000000000000e+02,9.145744615917637821e-02,2.586682752170029875e+19
4.189999999999999858e+01,2.563700000000000045e+02,2.148717487585510071e+02,2.148717487585510236e-03,4.200000000000000000e+02,9.024613447859140825e-02,2.549635648535363994e+19
4.200000000000000000e+01,2.566499999999999773e+02,2.120289574261803125e+02,2.120289574261803069e-03,4.200000000000000000e+02,8.905216211899572021e-02,2.513158716608194560e+19
4.210000000000000142e+01,2.569299999999999500e+02,2.092268151535909055e+02,2.092268151535909247e-03,4.200000000000000000e+02,8.787526236450816930e-02,2.477242573445705728e+19
4.220000000000000284e+01,2.572099999999999795e+02,2.064646973477356369e+02,2.064646973477356293e-03,4.200000000000000000e+02,8.671517288604896345e-02,2.441878000493592986e+19
4.229999999999999716e+01,2.574899999999999523e+02,2.037419896774403014e+02,2.037419896774402949e-03,4.200000000000000000e+02,8.557163566452491432e-02,2.407055940531531776e+19
4.239999999999999858e+01,2.577699999999999818e+02,2.010580878939058493e+02,2.010580878939058347e-03,4.200000000000000000e+02,8.444439691544045057e-02,2.372767494678618931e+19
4.250000000000000000e+01,2.580499999999999545e+02,1.984123976545427297e+02,1.984123976545427385e-03,4.200000000000000000e+02,8.333320701490794236e-02,2.339003919457583514e+19
4.260000000000000142e+01,2.583299999999999841e+02,1.958043343500670233e+02,1.958043343500670205e-03,4.200000000000000000e+02,8.223782042702813821e-02,2.305756623916503040e+19
4.270000000000000284e+01,2.586099999999999568e+02,1.932333229348018051e+02,1.932333229348018062e-03,4.200000000000000000e+02,8.115799563261674732e-02,2.273017166806928589e+19
4.279999999999999716e+01,2.588899999999999864e+02,1.906987977601122282e+02,1.906987977601122194e-03,4.200000000000000000e+02,8.009349505924713564e-02,2.240777253817126912e+19
4.289999999999999858e+01,2.591699999999999591e+02,1.882002024109193883e+02,1.882002024109193832e-03,4.200000000000000000e+02,7.904408501258614050e-02,2.209028734859414323e+19
4.300000000000000000e+01,2.594499999999999886e+02,1.857369895452288233e+02,1.857369895452288264e-03,4.200000000000000000e+02,7.800953560899609451e-02,2.177763601410387558e+19
4.310000000000000142e+01,2.597299999999999613e+02,1.833086207366210942e+02,1.833086207366210838e-03,4.200000000000000000e+02,7.698962070938085434e-02,2.146973983903060787e+19
4.320000000000000284e+01,2.600099999999999909e+02,1.809145663196357532e+02,1.809145663196357490e-03,4.200000000000000000e+02,7.598411785424701026e-02,2.116652149169699635e+19
4.329999999999999716e+01,2.602899999999999636e+02,1.785543052380082258e+02,1.785543052380082155e-03,4.200000000000000000e+02,7.499280819996344272e-02,2.086790497934503936e+19
4.339999999999999858e+01,2.605699999999999932e+02,1.762273248956835801e+02,1.762273248956835797e-03,4.200000000000000000e+02,7.401547645618709870e-02,2.057381562354876006e+19
4.350000000000000000e+01,2.608499999999999659e+02,1.739331210105760874e+02,1.739331210105760908e-03,4.200000000000000000e+02,7.305191082444195683e-02,2.028418003610544947e+19
4.360000000000000142e+01,2.611299999999999955e+02,1.716711974710002835e+02,1.716711974710002919e-03,4.200000000000000000e+02,7.210190293782010873e-02,1.999892609539321856e+19
4.370000000000000284e+01,2.614099999999999682e+02,1.694410661947409551e+02,1.694410661947409573e-03,4.200000000000000000e+02,7.116524780179118992e-02,1.971798292318765056e+19
4.379999999999999716e+01,2.616899999999999977e+02,1.672422469906901767e+02,1.672422469906901816e-03,4.200000000000000000e+02,7.024174373608986499e-02,1.944128086192558490e+19
4.389999999999999858e+01,2.619699999999999704e+02,1.650742674230240823e+02,1.650742674230240830e-03,4.200000000000000000e+02,6.933119231767011226e-02,1.916875145240974131e+19
4.400000000000000000e+01,2.622500000000000000e+02,1.629366626778500518e+02,1.629366626778500559e-03,4.200000000000000000e+02,6.843339832469701178e-02,1.890032741194265395e+19
4.410000000000000142e+01,2.625299999999999727e+02,1.608289754322944418e+02,1.608289754322944328e-03,4.200000000000000000e+02,6.754816968156365786e-02,1.863594261288337818e+19
4.420000000000000284e+01,2.628099999999999454e+02,1.587507557259657176e+02,1.587507557259657193e-03,4.200000000000000000e+02,6.667531740490559300e-02,1.837553206161617101e+19
4.429999999999999716e+01,2.630899999999999750e+02,1.567015608347640807e+02,1.567015608347640870e-03,4.200000000000000000e+02,6.581465555060091177e-02,1.811903187792487424e+19
4.439999999999999858e+01,2.633700000000000045e+02,1.546809551469830240e+02,1.546809551469830206e-03,4.200000000000000000e+02,6.496600116173285866e-02,1.786637927476349747e+19
4.450000000000000000e+01,2.636499999999999773e+02,1.526885100416591285e+02,1.526885100416591236e-03,4.200000000000000000e+02,6.412917421749682323e-02,1.761751253841520640e+19
4.460000000000000142e+01,2.639299999999999500e+02,1.507238037691306261e+02,1.507238037691306176e-03,4.200000000000000000e+02,6.330399758303485724e-02,1.737237100903208960e+19
4.470000000000000284e+01,2.642099999999999795e+02,1.487864213337581418e+02,1.487864213337581525e-03,4.200000000000000000e+02,6.249029696017841667e-02,1.713089506154768179e+19
4.479999999999999716e+01,2.644899999999999523e+02,1.468759543787724624e+02,1.468759543787724522e-03,4.200000000000000000e+02,6.168790083908443078e-02,1.689302608695538074e+19
4.489999999999999858e+01,2.647699999999999818e+02,1.449920010731991340e+02,1.449920010731991409e-03,4.200000000000000000e+02,6.089664045074363180e-02,1.665870647394418278e+19
4.500000000000000000e+01,2.650499999999999545e+02,1.431341660008311578e+02,1.431341660008311496e-03,4.200000000000000000e+02,6.011634972034907848e-02,1.642787959088598835e+19
4.510000000000000142e+01,2.653299999999999841e+02,1.413020600512012095e+02,1.413020600512012153e-03,4.200000000000000000e+02,5.934686522150450089e-02,1.620048976816613581e+19
4.520000000000000284e+01,2.656099999999999568e+02,1.394953003125213513e+02,1.394953003125213621e-03,4.200000000000000000e+02,5.858802613125896341e-02,1.597648228085106278e+19
4.529999999999999716e+01,2.658899999999999864e+02,1.377135099665485711e+02,1.377135099665485751e-03,4.200000000000000000e+02,5.783967418595039461e-02,1.575580333168580813e+19
4.539999999999999858e+01,2.661699999999999591e+02,1.359563181853449407e+02,1.359563181853449447e-03,4.200000000000000000e+02,5.710165363784486942e-02,1.553840003441537843e+19
4.550000000000000000e+01,2.664499999999999886e+02,1.342233600298895908e+02,1.342233600298895846e-03,4.200000000000000000e+02,5.637381121255362337e-02,1.532422039742265139e+19
4.560000000000000142e+01,2.667299999999999613e+02,1.325142763505126027e+02,1.325142763505125949e-03,4.200000000000000000e+02,5.565599606721528814e-02,1.511321330767720653e+19
4.570000000000000284e+01,2.670099999999999909e+02,1.308287136891127034e+02,1.308287136891127115e-03,4.200000000000000000e+02,5.494805974942733318e-02,1.490532851498828186e+19
4.579999999999999716e+01,2.672899999999999636e+02,1.291663241831298023e+02,1.291663241831298011e-03,4.200000000000000000e+02,5.424985615691451518e-02,1.470051661655649690e+19
4.589999999999999858e+01,2.675699999999999932e+02,1.275267654712310446e+02,1.275267654712310475e-03,4.200000000000000000e+02,5.356124149791703648e-02,1.449872904181735424e+19
4.600000000000000000e+01,2.678499999999999659e+02,1.259097006006893054e+02,1.259097006006893154e-03,4.200000000000000000e+02,5.288207425228950292e-02,1.429991803757202432e+19
4.610000000000000142e+01,2.681299999999999955e+02,1.243147979364078424e+02,1.243147979364078335e-03,4.200000000000000000e+02,5.221221513329128705e-02,1.410403665339805696e+19
4.620000000000000284e+01,2.684099999999999682e+02,1.227417310715757139e+02,1.227417310715757121e-03,4.200000000000000000e+02,5.155152705006179475e-02,1.391103872733624115e+19
4.629999999999999716e+01,2.686899999999999977e+02,1.211901787399087738e+02,1.211901787399087809e-03,4.200000000000000000e+02,5.089987507076167844e-02,1.372087887184644506e+19
4.639999999999999858e+01,2.689699999999999704e+02,1.196598247294594728e+02,1.196598247294594630e-03,4.200000000000000000e+02,5.025712638637297447e-02,1.353351246002867814e+19
4.650000000000000000e+01,2.692500000000000000e+02,1.181503577979520685e+02,1.181503577979520778e-03,4.200000000000000000e+02,4.962315027513986704e-02,1.334889561210237133e+19
4.660000000000000142e+01,2.695299999999999727e+02,1.166614715896291159e+02,1.166614715896291095e-03,4.200000000000000000e+02,4.899781806764422210e-02,1.316698518214058598e+19
4.670000000000000284e+01,2.698099999999999454e+02,1.151928645535684268e+02,1.151928645535684349e-03,4.200000000000000000e+02,4.838100311249873831e-02,1.298773874505259418e+19
4.679999999999999716e+01,2.700899999999999750e+02,1.137442398634506588e+02,1.137442398634506491e-03,4.200000000000000000e+02,4.777258074264927046e-02,1.281111458381077094e+19
4.689999999999999858e+01,2.703700000000000045e+02,1.123153053387491269e+02,1.123153053387491258e-03,4.200000000000000000e+02,4.717242824227462633e-02,1.263707167691696333e+19
4.700000000000000000e+01,2.706499999999999773e+02,1.109057733673100898e+02,1.109057733673100886e-03,4.200000000000000000e+02,4.658042481427023679e-02,1.246556968610284954e+19
4.710000000000000142e+01,2.706499999999999773e+02,1.095146462589839018e+02,1.095146462589839014e-03,4.200000000000000000e+02,4.599615142877323815e-02,1.230920999999674982e+19
4.720000000000000284e+01,2.706499999999999773e+02,1.081409685094490527e+02,1.081409685094490442e-03,4.200000000000000000e+02,4.541920677396860118e-02,1.215481158417791386e+19
4.729999999999999716e+01,2.706499999999999773e+02,1.067845212457353199e+02,1.067845212457353135e-03,4.200000000000000000e+02,4.484949892320883036e-02,1.200234983779662848e+19
4.739999999999999858e+01,2.706499999999999773e+02,1.054450883402670911e+02,1.054450883402670855e-03,4.200000000000000000e+02,4.428693710291217722e-02,1.185180046857961677e+19
4.750000000000000000e+01,2.706499999999999773e+02,1.041224563764271096e+02,1.041224563764271043e-03,4.200000000000000000e+02,4.373143167809938336e-02,1.170313948895946957e+19
4.760000000000000142e+01,2.706499999999999773e+02,1.028164146145520448e+02,1.028164146145520413e-03,4.200000000000000000e+02,4.318289413811185473e-02,1.155634321225262490e+19
4.770000000000000284e+01,2.706499999999999773e+02,1.015267549583544735e+02,1.015267549583544725e-03,4.200000000000000000e+02,4.264123708250887324e-02,1.141138824888527258e+19
4.779999999999999716e+01,2.706499999999999773e+02,1.002532719217663413e+02,1.002532719217663496e-03,4.200000000000000000e+02,4.210637420714186119e-02,1.126825150266662912e+19
4.789999999999999858e+01,2.706499999999999773e+02,9.899576259619794882e+01,9.899576259619795923e-04,4.200000000000000000e+02,4.157822029040313810e-02,1.112691016710891315e+19
4.800000000000000000e+01,2.706499999999999773e+02,9.775402661820794492e+01,9.775402661820794658e-04,4.200000000000000000e+02,4.105669117964733106e-02,1.098734172179352986e+19
4.810000000000000142e+01,2.706499999999999773e+02,9.652786613757859868e+01,9.652786613757860295e-04,4.200000000000000000e+02,4.054170377778300999e-02,1.084952392878280499e+19
4.820000000000000284e+01,2.706499999999999773e+02,9.531708578579171842e+01,9.531708578579172267e-04,4.200000000000000000e+02,4.003317603003251485e-02,1.071343482907672576e+19
4.829999999999999716e+01,2.706499999999999773e+02,9.412149264489981704e+01,9.412149264489981428e-04,4.200000000000000000e+02,3.953102691085792070e-02,1.057905273911415398e+19
4.839999999999999858e+01,2.706499999999999773e+02,9.294089621678782009e+01,9.294089621678781974e-04,4.200000000000000000e+02,3.903517641105087865e-02,1.044635624731788493e+19
4.850000000000000000e+01,2.706499999999999773e+02,9.177510839282035704e+01,9.177510839282035414e-04,4.200000000000000000e+02,3.854554552498454939e-02,1.031532421068308070e+19
4.860000000000000142e+01,2.706499999999999773e+02,9.062394342386970436e+01,9.062394342386970647e-04,4.200000000000000000e+02,3.806205623802526999e-02,1.018593575140847616e+19
4.870000000000000284e+01,2.706499999999999773e+02,8.948721789071973376e+01,8.948721789071973319e-04,4.200000000000000000e+02,3.758463151410228187e-02,1.005817025356983910e+19
4.879999999999999716e+01,2.706499999999999773e+02,8.836475067484109047e+01,8.836475067484109115e-04,4.200000000000000000e+02,3.711319528343325763e-02,9.932007359835172864e+18
4.889999999999999858e+01,2.706499999999999773e+02,8.725636292953286954e+01,8.725636292953286568e-04,4.200000000000000000e+02,3.664767243040380207e-02,9.807426968221089792e+18
4.900000000000000000e+01,2.706499999999999773e+02,8.616187805142641309e+01,8.616187805142640904e-04,4.200000000000000000e+02,3.618798878159908833e-02,9.684409228889917440e+18
4.910000000000000142e+01,2.706499999999999773e+02,8.508112165234642532e+01,8.508112165234642341e-04,4.200000000000000000e+02,3.573407109398549220e-02,9.562934540986933248e+18
4.920000000000000284e+01,2.706499999999999773e+02,8.401392153152507092e+01,8.401392153152507100e-04,4.200000000000000000e+02,3.528584704324052440e-02,9.442983549517293568e+18
4.929999999999999716e+01,2.706499999999999773e+02,8.296010764816466576e+01,8.296010764816466598e-04,4.200000000000000000e+02,3.484324521222915971e-02,9.324537142262145024e+18
4.939999999999999858e+01,2.706499999999999773e+02,8.191951209434439818e+01,8.191951209434439459e-04,4.200000000000000000e+02,3.440619507962464768e-02,9.207576446733386752e+18
4.950000000000000000e+01,2.706499999999999773e+02,8.089196906826701650e+01,8.089196906826701941e-04,4.200000000000000000e+02,3.397462700867214663e-02,9.092082827166669824e+18
4.960000000000000142e+01,2.706499999999999773e+02,7.987731484784102065e+01,7.987731484784102486e-04,4.200000000000000000e+02,3.354847223609322415e-02,8.978037881552081920e+18
4.970000000000000284e+01,2.706499999999999773e+02,7.887538776459423673e+01,7.887538776459423594e-04,4.200000000000000000e+02,3.312766286112957953e-02,8.865423438702096384e+18
4.979999999999999716e+01,2.706499999999999773e+02,7.788602817791459643e+01,7.788602817791459489e-04,4.200000000000000000e+02,3.271213183472412855e-02,8.754221555356280832e+18
4.989999999999999858e+01,2.706499999999999773e+02,7.690907844961405715e+01,7.690907844961405180e-04,4.200000000000000000e+02,3.230181294883790327e-02,8.644414513322352640e+18
5.000000000000000000e+01,2.706499999999999773e+02,7.594438291881151315e+01,7.594438291881151423e-04,4.200000000000000000e+02,3.189664082590083077e-02,8.535984816653056000e+18
